Workbook

Sheet Resumen y Calificaciones
A1: DESARROLLO DE INTERFACES (2º DAM) — CUADRO DE CALIFICACIONES Y SEGUIMIENTO
A2: Curso 2025/2026 | IES / Centro Educativo | Módulo: 0488 (210 h - Dual) | Decreto 104/2024 & Orden 18/09/2025
B4: ALUMNADO MATRICULADO | E4: APROBADOS EVAL. ORDINARIA | H4: SUSPENSOS EVAL. ORDINARIA | K4: NOTA MEDIA DEL GRUPO
B5: =COUNTA(A9:A23) -> 15 | E5: =COUNTIF(M9:M23, ">=5") -> 13 | H5: =COUNTIF(M9:M23, "<5") -> 2 | K5: =AVERAGE(M9:M23) -> 7.6219444
A8: Nº | B8: Apellidos, Nombre | C8: RA1 (22%) UX/Figma | D8: RA2 (16%) NUI/Voz | E8: RA3 (20%) Angular | F8: RA4 (11%) A11y | G8: RA5 (4%) Informes | H8: RA6 (7%) Docum. | I8: RA7 (10%) Electron | J8: RA8 (10%) Pruebas | K8: 1º Trim (T1) | L8: 2º Trim (T2) | M8: Nota Final Ordinaria (Marzo) | N8: Estado / Calificación
A9: 1 | B9: Álvarez Gómez, Laura | C9: ='Calculo RAs'!C9 -> 8.5 | D9: ='Calculo RAs'!D9 -> 8.8333333 | E9: ='Calculo RAs'!E9 -> 8.8 | F9: ='Calculo RAs'!F9 -> 8.6666667 | G9: ='Calculo RAs'!G9 -> 8.6666667 | H9: ='Calculo RAs'!H9 -> 9 | I9: ='Calculo RAs'!I9 -> 8.6666667 | J9: ='Calculo RAs'!J9 -> 8.8333333 | K9: ='1er Trimestre'!J9 -> 9.425 | L9: ='2º Trimestre'!K9 -> 8.775 | M9: =C9*0.22 + D9*0.16 + E9*0.2 + F9*0.11 + G9*0.04 + H9*0.07 + I9*0.1 + J9*0.1 -> 8.7233333 | N9: =IF(M9>=9, "SOBRESALIENTE", IF(M9>=7, "NOTABLE", IF(M9>=6, "BIEN", IF(M9>=5, "SUFICIENTE", "INSUFICIENTE")))) -> NOTABLE
A10: 2 | B10: Benítez Romero, Carlos | C10: ='Calculo RAs'!C10 -> 6.25 | D10: ='Calculo RAs'!D10 -> 6 | E10: ='Calculo RAs'!E10 -> 6.2 | F10: ='Calculo RAs'!F10 -> 6.6666667 | G10: ='Calculo RAs'!G10 -> 6.5 | H10: ='Calculo RAs'!H10 -> 6.25 | I10: ='Calculo RAs'!I10 -> 6.1666667 | J10: ='Calculo RAs'!J10 -> 6.3333333 | K10: ='1er Trimestre'!J10 -> 6.85 | L10: ='2º Trimestre'!K10 -> 6.425 | M10: =C10*0.22 + D10*0.16 + E10*0.2 + F10*0.11 + G10*0.04 + H10*0.07 + I10*0.1 + J10*0.1 -> 6.2558333 | N10: =IF(M10>=9, "SOBRESALIENTE", IF(M10>=7, "NOTABLE", IF(M10>=6, "BIEN", IF(M10>=5, "SUFICIENTE", "INSUFICIENTE")))) -> BIEN
A11: 3 | B11: Castillo Morales, Elena | C11: ='Calculo RAs'!C11 -> 9.75 | D11: ='Calculo RAs'!D11 -> 9.5 | E11: ='Calculo RAs'!E11 -> 9.9 | F11: ='Calculo RAs'!F11 -> 9.8333333 | G11: ='Calculo RAs'!G11 -> 9.8333333 | H11: ='Calculo RAs'!H11 -> 9.75 | I11: ='Calculo RAs'!I11 -> 9.8333333 | J11: ='Calculo RAs'!J11 -> 10 | K11: ='1er Trimestre'!J11 -> 10.425 | L11: ='2º Trimestre'!K11 -> 9.8 | M11: =C11*0.22 + D11*0.16 + E11*0.2 + F11*0.11 + G11*0.04 + H11*0.07 + I11*0.1 + J11*0.1 -> 9.7858333 | N11: =IF(M11>=9, "SOBRESALIENTE", IF(M11>=7, "NOTABLE", IF(M11>=6, "BIEN", IF(M11>=5, "SUFICIENTE", "INSUFICIENTE")))) -> SOBRESALIENTE
A12: 4 | B12: Delgado Santos, Alejandro | C12: ='Calculo RAs'!C12 -> 4.375 | D12: ='Calculo RAs'!D12 -> 4.6666667 | E12: ='Calculo RAs'!E12 -> 4.4 | F12: ='Calculo RAs'!F12 -> 5 | G12: ='Calculo RAs'!G12 -> 4.5 | H12: ='Calculo RAs'!H12 -> 4.5 | I12: ='Calculo RAs'!I12 -> 4.5 | J12: ='Calculo RAs'!J12 -> 4.3333333 | K12: ='1er Trimestre'!J12 -> 5.075 | L12: ='2º Trimestre'!K12 -> 4.725 | M12: =C12*0.22 + D12*0.16 + E12*0.2 + F12*0.11 + G12*0.04 + H12*0.07 + I12*0.1 + J12*0.1 -> 4.5175 | N12: =IF(M12>=9, "SOBRESALIENTE", IF(M12>=7, "NOTABLE", IF(M12>=6, "BIEN", IF(M12>=5, "SUFICIENTE", "INSUFICIENTE")))) -> INSUFICIENTE
A13: 5 | B13: Fernández Navarro, Lucía | C13: ='Calculo RAs'!C13 -> 7.375 | D13: ='Calculo RAs'!D13 -> 7.6666667 | E13: ='Calculo RAs'!E13 -> 7.8 | F13: ='Calculo RAs'!F13 -> 7.5 | G13: ='Calculo RAs'!G13 -> 7.8333333 | H13: ='Calculo RAs'!H13 -> 7.75 | I13: ='Calculo RAs'!I13 -> 7.8333333 | J13: ='Calculo RAs'!J13 -> 7.6666667 | K13: ='1er Trimestre'!J13 -> 8.425 | L13: ='2º Trimestre'!K13 -> 7.8 | M13: =C13*0.22 + D13*0.16 + E13*0.2 + F13*0.11 + G13*0.04 + H13*0.07 + I13*0.1 + J13*0.1 -> 7.64 | N13: =IF(M13>=9, "SOBRESALIENTE", IF(M13>=7, "NOTABLE", IF(M13>=6, "BIEN", IF(M13>=5, "SUFICIENTE", "INSUFICIENTE")))) -> NOTABLE
A14: 6 | B14: García Serrano, David | C14: ='Calculo RAs'!C14 -> 8.25 | D14: ='Calculo RAs'!D14 -> 8 | E14: ='Calculo RAs'!E14 -> 8.3 | F14: ='Calculo RAs'!F14 -> 8.1666667 | G14: ='Calculo RAs'!G14 -> 8.1666667 | H14: ='Calculo RAs'!H14 -> 8.5 | I14: ='Calculo RAs'!I14 -> 8.1666667 | J14: ='Calculo RAs'!J14 -> 8.3333333 | K14: ='1er Trimestre'!J14 -> 8.925 | L14: ='2º Trimestre'!K14 -> 8.3 | M14: =C14*0.22 + D14*0.16 + E14*0.2 + F14*0.11 + G14*0.04 + H14*0.07 + I14*0.1 + J14*0.1 -> 8.225 | N14: =IF(M14>=9, "SOBRESALIENTE", IF(M14>=7, "NOTABLE", IF(M14>=6, "BIEN", IF(M14>=5, "SUFICIENTE", "INSUFICIENTE")))) -> NOTABLE
A15: 7 | B15: Herrera Cruz, Marta | C15: ='Calculo RAs'!C15 -> 9.25 | D15: ='Calculo RAs'!D15 -> 9 | E15: ='Calculo RAs'!E15 -> 9.2 | F15: ='Calculo RAs'!F15 -> 9.1666667 | G15: ='Calculo RAs'!G15 -> 9.1666667 | H15: ='Calculo RAs'!H15 -> 9.5 | I15: ='Calculo RAs'!I15 -> 9.1666667 | J15: ='Calculo RAs'!J15 -> 9.3333333 | K15: ='1er Trimestre'!J15 -> 9.85 | L15: ='2º Trimestre'!K15 -> 9.25 | M15: =C15*0.22 + D15*0.16 + E15*0.2 + F15*0.11 + G15*0.04 + H15*0.07 + I15*0.1 + J15*0.1 -> 9.205 | N15: =IF(M15>=9, "SOBRESALIENTE", IF(M15>=7, "NOTABLE", IF(M15>=6, "BIEN", IF(M15>=5, "SUFICIENTE", "INSUFICIENTE")))) -> SOBRESALIENTE
A16: 8 | B16: Jiménez Ortiz, Pablo | C16: ='Calculo RAs'!C16 -> 5.5 | D16: ='Calculo RAs'!D16 -> 5.8333333 | E16: ='Calculo RAs'!E16 -> 5.8 | F16: ='Calculo RAs'!F16 -> 5.5 | G16: ='Calculo RAs'!G16 -> 5.6666667 | H16: ='Calculo RAs'!H16 -> 6 | I16: ='Calculo RAs'!I16 -> 5.6666667 | J16: ='Calculo RAs'!J16 -> 5.8333333 | K16: ='1er Trimestre'!J16 -> 6.2 | L16: ='2º Trimestre'!K16 -> 5.85 | M16: =C16*0.22 + D16*0.16 + E16*0.2 + F16*0.11 + G16*0.04 + H16*0.07 + I16*0.1 + J16*0.1 -> 5.705 | N16: =IF(M16>=9, "SOBRESALIENTE", IF(M16>=7, "NOTABLE", IF(M16>=6, "BIEN", IF(M16>=5, "SUFICIENTE", "INSUFICIENTE")))) -> SUFICIENTE
A17: 9 | B17: López Molina, Sara | C17: ='Calculo RAs'!C17 -> 9.875 | D17: ='Calculo RAs'!D17 -> 9.8333333 | E17: ='Calculo RAs'!E17 -> 9.8 | F17: ='Calculo RAs'!F17 -> 10 | G17: ='Calculo RAs'!G17 -> 10 | H17: ='Calculo RAs'!H17 -> 9.75 | I17: ='Calculo RAs'!I17 -> 9.8333333 | J17: ='Calculo RAs'!J17 -> 10 | K17: ='1er Trimestre'!J17 -> 10.625 | L17: ='2º Trimestre'!K17 -> 9.85 | M17: =C17*0.22 + D17*0.16 + E17*0.2 + F17*0.11 + G17*0.04 + H17*0.07 + I17*0.1 + J17*0.1 -> 9.8716667 | N17: =IF(M17>=9, "SOBRESALIENTE", IF(M17>=7, "NOTABLE", IF(M17>=6, "BIEN", IF(M17>=5, "SUFICIENTE", "INSUFICIENTE")))) -> SOBRESALIENTE
A18: 10 | B18: Martín Vega, Javier | C18: ='Calculo RAs'!C18 -> 3.75 | D18: ='Calculo RAs'!D18 -> 3.8333333 | E18: ='Calculo RAs'!E18 -> 4.1 | F18: ='Calculo RAs'!F18 -> 4.1666667 | G18: ='Calculo RAs'!G18 -> 4 | H18: ='Calculo RAs'!H18 -> 4.25 | I18: ='Calculo RAs'!I18 -> 4.1666667 | J18: ='Calculo RAs'!J18 -> 4 | K18: ='1er Trimestre'!J18 -> 4.375 | L18: ='2º Trimestre'!K18 -> 4.15 | M18: =C18*0.22 + D18*0.16 + E18*0.2 + F18*0.11 + G18*0.04 + H18*0.07 + I18*0.1 + J18*0.1 -> 3.9908333 | N18: =IF(M18>=9, "SOBRESALIENTE", IF(M18>=7, "NOTABLE", IF(M18>=6, "BIEN", IF(M18>=5, "SUFICIENTE", "INSUFICIENTE")))) -> INSUFICIENTE
A19: 11 | B19: Navarro Gil, Ana | C19: ='Calculo RAs'!C19 -> 8.25 | D19: ='Calculo RAs'!D19 -> 8.5 | E19: ='Calculo RAs'!E19 -> 8.3 | F19: ='Calculo RAs'!F19 -> 8.5 | G19: ='Calculo RAs'!G19 -> 8.5 | H19: ='Calculo RAs'!H19 -> 8.25 | I19: ='Calculo RAs'!I19 -> 8.3333333 | J19: ='Calculo RAs'!J19 -> 8.5 | K19: ='1er Trimestre'!J19 -> 9.125 | L19: ='2º Trimestre'!K19 -> 8.425 | M19: =C19*0.22 + D19*0.16 + E19*0.2 + F19*0.11 + G19*0.04 + H19*0.07 + I19*0.1 + J19*0.1 -> 8.3708333 | N19: =IF(M19>=9, "SOBRESALIENTE", IF(M19>=7, "NOTABLE", IF(M19>=6, "BIEN", IF(M19>=5, "SUFICIENTE", "INSUFICIENTE")))) -> NOTABLE
A20: 12 | B20: Pérez Rubio, Álvaro | C20: ='Calculo RAs'!C20 -> 7.125 | D20: ='Calculo RAs'!D20 -> 6.8333333 | E20: ='Calculo RAs'!E20 -> 7.2 | F20: ='Calculo RAs'!F20 -> 7.1666667 | G20: ='Calculo RAs'!G20 -> 7.3333333 | H20: ='Calculo RAs'!H20 -> 7 | I20: ='Calculo RAs'!I20 -> 7.3333333 | J20: ='Calculo RAs'!J20 -> 7.1666667 | K20: ='1er Trimestre'!J20 -> 7.7 | L20: ='2º Trimestre'!K20 -> 7.325 | M20: =C20*0.22 + D20*0.16 + E20*0.2 + F20*0.11 + G20*0.04 + H20*0.07 + I20*0.1 + J20*0.1 -> 7.1225 | N20: =IF(M20>=9, "SOBRESALIENTE", IF(M20>=7, "NOTABLE", IF(M20>=6, "BIEN", IF(M20>=5, "SUFICIENTE", "INSUFICIENTE")))) -> NOTABLE
... A23: 15 | B23: Torres Lozano, Irene | C23: ='Calculo RAs'!C23 -> 9.25 | D23: ='Calculo RAs'!D23 -> 9.5 | E23: ='Calculo RAs'!E23 -> 9.3 | F23: ='Calculo RAs'!F23 -> 9.5 | G23: ='Calculo RAs'!G23 -> 9.5 | H23: ='Calculo RAs'!H23 -> 9.25 | I23: ='Calculo RAs'!I23 -> 9.5 | J23: ='Calculo RAs'!J23 -> 9.6666667 | K23: ='1er Trimestre'!J23 -> 10.125 | L23: ='2º Trimestre'!K23 -> 9.475 | M23: =C23*0.22 + D23*0.16 + E23*0.2 + F23*0.11 + G23*0.04 + H23*0.07 + I23*0.1 + J23*0.1 -> 9.4041667 | N23: =IF(M23>=9, "SOBRESALIENTE", IF(M23>=7, "NOTABLE", IF(M23>=6, "BIEN", IF(M23>=5, "SUFICIENTE", "INSUFICIENTE")))) -> SOBRESALIENTE
A24: PROMEDIO DEL GRUPO | C24: =AVERAGE(C9:C23) -> 7.5083333 | D24: =AVERAGE(D9:D23) -> 7.5777778 | E24: =AVERAGE(E9:E23) -> 7.6466667 | F24: =AVERAGE(F9:F23) -> 7.7 | G24: =AVERAGE(G9:G23) -> 7.7 | H24: =AVERAGE(H9:H23) -> 7.6666667 | I24: =AVERAGE(I9:I23) -> 7.6555556 | J24: =AVERAGE(J9:J23) -> 7.7111111 | ... M24: =AVERAGE(M9:M23) -> 7.6219444

Sheet 1er Trimestre
A1: 1º TRIMESTRE — DESARROLLO DE INTERFACES (UD00 a UD11)
A2: Bloque I & II: Fundamentos UX, Figma, NUI/Voz, Tailwind CSS v4, Responsive y Arquitectura Angular Standalone
C4: UD01, UD04 | D4: UD03 | E4: UD05, UD06, UD07 | F4: UD02, UD08 | G4: UD09, UD10, UD11 | H4: UD01 a UD11 | I4: Transversal | J4: Ponderación 100%
C5: RA1 (CE1.a, CE1.b, CE1.c) | D5: RA2 (CE2.a, CE2.b, CE2.e) | E5: RA1 (CE1.d, CE1.e, CE1.f) | F5: RA4 (CE4.a, CE4.b, CE4.c) | G5: RA3 (CE3.a, CE3.b, CE3.c) | H5: RA1, RA2, RA3, RA4 | I5: Buenas prácticas | J5: Nota T1
A6: Nº | B6: Apellidos, Nombre | C6: Actividad 1 (15%) Prototipado Figma UX | D6: Actividad 2 (15%) NUI & Web Speech API | E6: Actividad 3 (15%) Layouts Grid & Tailwind | F6: Actividad 4 (15%) Accesibilidad & Responsive | G6: Actividad 5 (15%) Componentes Angular Signals | H6: Examen Práctico T1 (25%) Desarrollo UI Completa | I6: Actitud y Git (10%) Control Versiones y DUA | J6: CALIFICACIÓN 1º TRIMESTRE
A9: 1 | B9: Álvarez Gómez, Laura | C9: 8.5 | D9: 9 | E9: 8 | F9: 8.5 | G9: 9 | H9: 8.5 | I9: 8.5 | J9: =C9*0.15 + D9*0.15 + E9*0.15 + F9*0.15 + G9*0.15 + H9*0.25 + I9*0.1 -> 9.425
A10: 2 | B10: Benítez Romero, Carlos | C10: 6 | D10: 5.5 | E10: 6.5 | F10: 7 | G10: 6 | H10: 6 | I10: 7 | J10: =C10*0.15 + D10*0.15 + E10*0.15 + F10*0.15 + G10*0.15 + H10*0.25 + I10*0.1 -> 6.85
A11: 3 | B11: Castillo Morales, Elena | C11: 9.5 | D11: 9 | E11: 10 | F11: 9.5 | G11: 10 | H11: 9.5 | I11: 8.5 | J11: =C11*0.15 + D11*0.15 + E11*0.15 + F11*0.15 + G11*0.15 + H11*0.25 + I11*0.1 -> 10.425
A12: 4 | B12: Delgado Santos, Alejandro | C12: 4 | D12: 5 | E12: 4.5 | F12: 5.5 | G12: 4 | H12: 4.5 | I12: 5 | J12: =C12*0.15 + D12*0.15 + E12*0.15 + F12*0.15 + G12*0.15 + H12*0.25 + I12*0.1 -> 5.075
A13: 5 | B13: Fernández Navarro, Lucía | C13: 7.5 | D13: 8 | E13: 7 | F13: 7.5 | G13: 8 | H13: 7.5 | I13: 8.5 | J13: =C13*0.15 + D13*0.15 + E13*0.15 + F13*0.15 + G13*0.15 + H13*0.25 + I13*0.1 -> 8.425
A14: 6 | B14: García Serrano, David | C14: 8 | D14: 7.5 | E14: 8.5 | F14: 8 | G14: 8.5 | H14: 8 | I14: 8.5 | J14: =C14*0.15 + D14*0.15 + E14*0.15 + F14*0.15 + G14*0.15 + H14*0.25 + I14*0.1 -> 8.925
A15: 7 | B15: Herrera Cruz, Marta | C15: 9 | D15: 8.5 | E15: 9.5 | F15: 9 | G15: 9 | H15: 9 | I15: 8.5 | J15: =C15*0.15 + D15*0.15 + E15*0.15 + F15*0.15 + G15*0.15 + H15*0.25 + I15*0.1 -> 9.85
A16: 8 | B16: Jiménez Ortiz, Pablo | C16: 5 | D16: 6 | E16: 5.5 | F16: 5 | G16: 6 | H16: 5.5 | I16: 7 | J16: =C16*0.15 + D16*0.15 + E16*0.15 + F16*0.15 + G16*0.15 + H16*0.25 + I16*0.1 -> 6.2
A17: 9 | B17: López Molina, Sara | C17: 10 | D17: 9.5 | E17: 9.5 | F17: 10 | G17: 9.5 | H17: 10 | I17: 8.5 | J17: =C17*0.15 + D17*0.15 + E17*0.15 + F17*0.15 + G17*0.15 + H17*0.25 + I17*0.1 -> 10.625
A18: 10 | B18: Martín Vega, Javier | C18: 3.5 | D18: 4 | E18: 4 | F18: 4.5 | G18: 4 | H18: 3.5 | I18: 5 | J18: =C18*0.15 + D18*0.15 + E18*0.15 + F18*0.15 + G18*0.15 + H18*0.25 + I18*0.1 -> 4.375
A19: 11 | B19: Navarro Gil, Ana | C19: 8 | D19: 8.5 | E19: 8 | F19: 8.5 | G19: 8 | H19: 8.5 | I19: 8.5 | J19: =C19*0.15 + D19*0.15 + E19*0.15 + F19*0.15 + G19*0.15 + H19*0.25 + I19*0.1 -> 9.125
A20: 12 | B20: Pérez Rubio, Álvaro | C20: 7 | D20: 6.5 | E20: 7.5 | F20: 7 | G20: 7 | H20: 7 | I20: 7 | J20: =C20*0.15 + D20*0.15 + E20*0.15 + F20*0.15 + G20*0.15 + H20*0.25 + I20*0.1 -> 7.7
... A23: 15 | B23: Torres Lozano, Irene | C23: 9 | D23: 9.5 | E23: 9 | F23: 9.5 | G23: 9 | H23: 9.5 | I23: 8.5 | J23: =C23*0.15 + D23*0.15 + E23*0.15 + F23*0.15 + G23*0.15 + H23*0.25 + I23*0.1 -> 10.125
A24: PROMEDIO DEL GRUPO (T1) | C24: =AVERAGE(C9:C23) -> 7.3333333 | D24: =AVERAGE(D9:D23) -> 7.5 | E24: =AVERAGE(E9:E23) -> 7.4666667 | F24: =AVERAGE(F9:F23) -> 7.6666667 | G24: =AVERAGE(G9:G23) -> 7.5666667 | H24: =AVERAGE(H9:H23) -> 7.5 | I24: =AVERAGE(I9:I23) -> 7.6333333 | J24: =AVERAGE(J9:J23) -> 8.2683333

Sheet 2º Trimestre
A1: 2º TRIMESTRE — DESARROLLO DE INTERFACES (UD12 a UD22)
A2: Bloque III & IV: Formularios, Storybook, Informes/Dashboards, Pruebas Vitest/Playwright, Electron y Proyecto GesFlow
C4: UD12 | D4: UD13, UD14, UD15 | E4: UD16, UD17 | F4: UD19 | G4: UD20, UD21 | H4: UD22 | I4: UD12 a UD21 | J4: Transversal | K4: Ponderación 100%
C5: RA3, RA4 (CE3.f, CE4.b) | D5: RA3, RA6 (CE3.e, CE6.c) | E5: RA5 (CE5.a, CE5.b, CE5.c, CE5.d) | F5: RA8 (CE8.b, CE8.c, CE8.d) | G5: RA7 (CE7.a, CE7.b, CE7.c, CE7.d) | H5: RA1 a RA8 Integrados | I5: RA3, RA5, RA7, RA8 | J5: Buenas prácticas | K5: Nota T2
A6: Nº | B6: Apellidos, Nombre | C6: Actividad 6 (10%) Formularios & A11y | D6: Actividad 7 (10%) Storybook & Tokens | E6: Actividad 8 (10%) Informes PDF & Dashboards | F6: Actividad 9 (10%) Pruebas Vitest & Playwright | G6: Actividad 10 (10%) Escritorio Electron & IPC | H6: Proyecto Final (30%) GesFlow Integrador | I6: Examen Práctico T2 (15%) Prueba Desarrollo Global | J6: Actitud y Git (5%) Calidad & Despliegue | K6: CALIFICACIÓN 2º TRIMESTRE
A9: 1 | B9: Álvarez Gómez, Laura | C9: 8.5 | D9: 9 | E9: 8.5 | F9: 9 | G9: 8.5 | H9: 9 | I9: 8.5 | J9: 9 | K9: =C9*0.1 + D9*0.1 + E9*0.1 + F9*0.1 + G9*0.1 + H9*0.3 + I9*0.15 + J9*0.05 -> 8.775
A10: 2 | B10: Benítez Romero, Carlos | C10: 6.5 | D10: 6 | E10: 7 | F10: 6.5 | G10: 6 | H10: 6.5 | I10: 6 | J10: 7.5 | K10: =C10*0.1 + D10*0.1 + E10*0.1 + F10*0.1 + G10*0.1 + H10*0.3 + I10*0.15 + J10*0.05 -> 6.425
A11: 3 | B11: Castillo Morales, Elena | C11: 10 | D11: 9.5 | E11: 9.5 | F11: 10 | G11: 9.5 | H11: 10 | I11: 10 | J11: 9 | K11: =C11*0.1 + D11*0.1 + E11*0.1 + F11*0.1 + G11*0.1 + H11*0.3 + I11*0.15 + J11*0.05 -> 9.8
A12: 4 | B12: Delgado Santos, Alejandro | C12: 5 | D12: 4.5 | E12: 5 | F12: 4.5 | G12: 5 | H12: 4.5 | I12: 4 | J12: 7.5 | K12: =C12*0.1 + D12*0.1 + E12*0.1 + F12*0.1 + G12*0.1 + H12*0.3 + I12*0.15 + J12*0.05 -> 4.725
A13: 5 | B13: Fernández Navarro, Lucía | C13: 7.5 | D13: 8 | E13: 8 | F13: 7.5 | G13: 8 | H13: 7.5 | I13: 8 | J13: 9 | K13: =C13*0.1 + D13*0.1 + E13*0.1 + F13*0.1 + G13*0.1 + H13*0.3 + I13*0.15 + J13*0.05 -> 7.8
A14: 6 | B14: García Serrano, David | C14: 8 | D14: 8.5 | E14: 8 | F14: 8.5 | G14: 8 | H14: 8.5 | I14: 8 | J14: 9 | K14: =C14*0.1 + D14*0.1 + E14*0.1 + F14*0.1 + G14*0.1 + H14*0.3 + I14*0.15 + J14*0.05 -> 8.3
A15: 7 | B15: Herrera Cruz, Marta | C15: 9 | D15: 9.5 | E15: 9 | F15: 9.5 | G15: 9 | H15: 9.5 | I15: 9 | J15: 9 | K15: =C15*0.1 + D15*0.1 + E15*0.1 + F15*0.1 + G15*0.1 + H15*0.3 + I15*0.15 + J15*0.05 -> 9.25
A16: 8 | B16: Jiménez Ortiz, Pablo | C16: 5.5 | D16: 6 | E16: 5.5 | F16: 6 | G16: 5.5 | H16: 6 | I16: 5.5 | J16: 7.5 | K16: =C16*0.1 + D16*0.1 + E16*0.1 + F16*0.1 + G16*0.1 + H16*0.3 + I16*0.15 + J16*0.05 -> 5.85
A17: 9 | B17: López Molina, Sara | C17: 10 | D17: 9.5 | E17: 10 | F17: 10 | G17: 9.5 | H17: 10 | I17: 10 | J17: 9 | K17: =C17*0.1 + D17*0.1 + E17*0.1 + F17*0.1 + G17*0.1 + H17*0.3 + I17*0.15 + J17*0.05 -> 9.85
A18: 10 | B18: Martín Vega, Javier | C18: 4 | D18: 4.5 | E18: 4 | F18: 4 | G18: 4.5 | H18: 4 | I18: 4 | J18: 5 | K18: =C18*0.1 + D18*0.1 + E18*0.1 + F18*0.1 + G18*0.1 + H18*0.3 + I18*0.15 + J18*0.05 -> 4.15
A19: 11 | B19: Navarro Gil, Ana | C19: 8.5 | D19: 8 | E19: 8.5 | F19: 8.5 | G19: 8 | H19: 8.5 | I19: 8.5 | J19: 9 | K19: =C19*0.1 + D19*0.1 + E19*0.1 + F19*0.1 + G19*0.1 + H19*0.3 + I19*0.15 + J19*0.05 -> 8.425
A20: 12 | B20: Pérez Rubio, Álvaro | C20: 7.5 | D20: 7 | E20: 7.5 | F20: 7 | G20: 7.5 | H20: 7 | I20: 7.5 | J20: 9 | K20: =C20*0.1 + D20*0.1 + E20*0.1 + F20*0.1 + G20*0.1 + H20*0.3 + I20*0.15 + J20*0.05 -> 7.325
... A23: 15 | B23: Torres Lozano, Irene | C23: 9.5 | D23: 9 | E23: 9.5 | F23: 10 | G23: 9.5 | H23: 9.5 | I23: 9.5 | J23: 9 | K23: =C23*0.1 + D23*0.1 + E23*0.1 + F23*0.1 + G23*0.1 + H23*0.3 + I23*0.15 + J23*0.05 -> 9.475
A24: PROMEDIO DEL GRUPO (T2) | C24: =AVERAGE(C9:C23) -> 7.7 | D24: =AVERAGE(D9:D23) -> 7.6 | E24: =AVERAGE(E9:E23) -> 7.7333333 | F24: =AVERAGE(F9:F23) -> 7.7666667 | G24: =AVERAGE(G9:G23) -> 7.6 | H24: =AVERAGE(H9:H23) -> 7.7333333 | I24: =AVERAGE(I9:I23) -> 7.6333333 | J24: =AVERAGE(J9:J23) -> 8.3333333 | K24: =AVERAGE(K9:K23) -> 7.7216667

Sheet Calculo RAs
A1: DESGLOSE Y CÁLCULO POR RESULTADOS DE APRENDIZAJE (RA1 a RA8)
A2: Fórmulas vinculadas a las tareas de T1 y T2 según Criterios de Evaluación evaluados en cada actividad
A4: Nº | B4: Apellidos, Nombre | C4: RA1 (22%) Diseño UI, Figma Tailwind, Grid | D4: RA2 (16%) Interfaces NUI Voz & Gestos | E4: RA3 (20%) Componentes Angular Standalone | F4: RA4 (11%) Accesibilidad Universal WCAG | G4: RA5 (4%) Informes PDF y Cuadros Mando | H4: RA6 (7%) Documentación y Storybook | I4: RA7 (10%) Electron Desktop y Distribución | J4: RA8 (10%) Pruebas Vitest y Playwright | K4: CALIFICACIÓN FINAL ORDINARIA (100%)
A9: 1 | B9: Álvarez Gómez, Laura | C9: =AVERAGE('1er Trimestre'!C9, '1er Trimestre'!E9, '1er Trimestre'!H9, '2º Trimestre'!H9) -> 8.5 | D9: =AVERAGE('1er Trimestre'!D9, '1er Trimestre'!H9, '2º Trimestre'!H9) -> 8.8333333 | E9: =AVERAGE('1er Trimestre'!G9, '2º Trimestre'!C9, '2º Trimestre'!D9, '2º Trimestre'!H9, '2º Trimestre'!I9) -> 8.8 | F9: =AVERAGE('1er Trimestre'!F9, '2º Trimestre'!C9, '2º Trimestre'!H9) -> 8.6666667 | G9: =AVERAGE('2º Trimestre'!E9, '2º Trimestre'!H9, '2º Trimestre'!I9) -> 8.6666667 | H9: =AVERAGE('2º Trimestre'!D9, '2º Trimestre'!H9) -> 9 | I9: =AVERAGE('2º Trimestre'!G9, '2º Trimestre'!H9, '2º Trimestre'!I9) -> 8.6666667 | J9: =AVERAGE('2º Trimestre'!F9, '2º Trimestre'!H9, '2º Trimestre'!I9) -> 8.8333333 | K9: =C9*0.22 + D9*0.16 + E9*0.2 + F9*0.11 + G9*0.04 + H9*0.07 + I9*0.1 + J9*0.1 -> 8.7233333
A10: 2 | B10: Benítez Romero, Carlos | C10: =AVERAGE('1er Trimestre'!C10, '1er Trimestre'!E10, '1er Trimestre'!H10, '2º Trimestre'!H10) -> 6.25 | D10: =AVERAGE('1er Trimestre'!D10, '1er Trimestre'!H10, '2º Trimestre'!H10) -> 6 | E10: =AVERAGE('1er Trimestre'!G10, '2º Trimestre'!C10, '2º Trimestre'!D10, '2º Trimestre'!H10, '2º Trimestre'!I10) -> 6.2 | F10: =AVERAGE('1er Trimestre'!F10, '2º Trimestre'!C10, '2º Trimestre'!H10) -> 6.6666667 | G10: =AVERAGE('2º Trimestre'!E10, '2º Trimestre'!H10, '2º Trimestre'!I10) -> 6.5 | H10: =AVERAGE('2º Trimestre'!D10, '2º Trimestre'!H10) -> 6.25 | I10: =AVERAGE('2º Trimestre'!G10, '2º Trimestre'!H10, '2º Trimestre'!I10) -> 6.1666667 | J10: =AVERAGE('2º Trimestre'!F10, '2º Trimestre'!H10, '2º Trimestre'!I10) -> 6.3333333 | K10: =C10*0.22 + D10*0.16 + E10*0.2 + F10*0.11 + G10*0.04 + H10*0.07 + I10*0.1 + J10*0.1 -> 6.2558333
A11: 3 | B11: Castillo Morales, Elena | C11: =AVERAGE('1er Trimestre'!C11, '1er Trimestre'!E11, '1er Trimestre'!H11, '2º Trimestre'!H11) -> 9.75 | D11: =AVERAGE('1er Trimestre'!D11, '1er Trimestre'!H11, '2º Trimestre'!H11) -> 9.5 | E11: =AVERAGE('1er Trimestre'!G11, '2º Trimestre'!C11, '2º Trimestre'!D11, '2º Trimestre'!H11, '2º Trimestre'!I11) -> 9.9 | F11: =AVERAGE('1er Trimestre'!F11, '2º Trimestre'!C11, '2º Trimestre'!H11) -> 9.8333333 | G11: =AVERAGE('2º Trimestre'!E11, '2º Trimestre'!H11, '2º Trimestre'!I11) -> 9.8333333 | H11: =AVERAGE('2º Trimestre'!D11, '2º Trimestre'!H11) -> 9.75 | I11: =AVERAGE('2º Trimestre'!G11, '2º Trimestre'!H11, '2º Trimestre'!I11) -> 9.8333333 | J11: =AVERAGE('2º Trimestre'!F11, '2º Trimestre'!H11, '2º Trimestre'!I11) -> 10 | K11: =C11*0.22 + D11*0.16 + E11*0.2 + F11*0.11 + G11*0.04 + H11*0.07 + I11*0.1 + J11*0.1 -> 9.7858333
A12: 4 | B12: Delgado Santos, Alejandro | C12: =AVERAGE('1er Trimestre'!C12, '1er Trimestre'!E12, '1er Trimestre'!H12, '2º Trimestre'!H12) -> 4.375 | D12: =AVERAGE('1er Trimestre'!D12, '1er Trimestre'!H12, '2º Trimestre'!H12) -> 4.6666667 | E12: =AVERAGE('1er Trimestre'!G12, '2º Trimestre'!C12, '2º Trimestre'!D12, '2º Trimestre'!H12, '2º Trimestre'!I12) -> 4.4 | F12: =AVERAGE('1er Trimestre'!F12, '2º Trimestre'!C12, '2º Trimestre'!H12) -> 5 | G12: =AVERAGE('2º Trimestre'!E12, '2º Trimestre'!H12, '2º Trimestre'!I12) -> 4.5 | H12: =AVERAGE('2º Trimestre'!D12, '2º Trimestre'!H12) -> 4.5 | I12: =AVERAGE('2º Trimestre'!G12, '2º Trimestre'!H12, '2º Trimestre'!I12) -> 4.5 | J12: =AVERAGE('2º Trimestre'!F12, '2º Trimestre'!H12, '2º Trimestre'!I12) -> 4.3333333 | K12: =C12*0.22 + D12*0.16 + E12*0.2 + F12*0.11 + G12*0.04 + H12*0.07 + I12*0.1 + J12*0.1 -> 4.5175
A13: 5 | B13: Fernández Navarro, Lucía | C13: =AVERAGE('1er Trimestre'!C13, '1er Trimestre'!E13, '1er Trimestre'!H13, '2º Trimestre'!H13) -> 7.375 | D13: =AVERAGE('1er Trimestre'!D13, '1er Trimestre'!H13, '2º Trimestre'!H13) -> 7.6666667 | E13: =AVERAGE('1er Trimestre'!G13, '2º Trimestre'!C13, '2º Trimestre'!D13, '2º Trimestre'!H13, '2º Trimestre'!I13) -> 7.8 | F13: =AVERAGE('1er Trimestre'!F13, '2º Trimestre'!C13, '2º Trimestre'!H13) -> 7.5 | G13: =AVERAGE('2º Trimestre'!E13, '2º Trimestre'!H13, '2º Trimestre'!I13) -> 7.8333333 | H13: =AVERAGE('2º Trimestre'!D13, '2º Trimestre'!H13) -> 7.75 | I13: =AVERAGE('2º Trimestre'!G13, '2º Trimestre'!H13, '2º Trimestre'!I13) -> 7.8333333 | J13: =AVERAGE('2º Trimestre'!F13, '2º Trimestre'!H13, '2º Trimestre'!I13) -> 7.6666667 | K13: =C13*0.22 + D13*0.16 + E13*0.2 + F13*0.11 + G13*0.04 + H13*0.07 + I13*0.1 + J13*0.1 -> 7.64
A14: 6 | B14: García Serrano, David | C14: =AVERAGE('1er Trimestre'!C14, '1er Trimestre'!E14, '1er Trimestre'!H14, '2º Trimestre'!H14) -> 8.25 | D14: =AVERAGE('1er Trimestre'!D14, '1er Trimestre'!H14, '2º Trimestre'!H14) -> 8 | E14: =AVERAGE('1er Trimestre'!G14, '2º Trimestre'!C14, '2º Trimestre'!D14, '2º Trimestre'!H14, '2º Trimestre'!I14) -> 8.3 | F14: =AVERAGE('1er Trimestre'!F14, '2º Trimestre'!C14, '2º Trimestre'!H14) -> 8.1666667 | G14: =AVERAGE('2º Trimestre'!E14, '2º Trimestre'!H14, '2º Trimestre'!I14) -> 8.1666667 | H14: =AVERAGE('2º Trimestre'!D14, '2º Trimestre'!H14) -> 8.5 | I14: =AVERAGE('2º Trimestre'!G14, '2º Trimestre'!H14, '2º Trimestre'!I14) -> 8.1666667 | J14: =AVERAGE('2º Trimestre'!F14, '2º Trimestre'!H14, '2º Trimestre'!I14) -> 8.3333333 | K14: =C14*0.22 + D14*0.16 + E14*0.2 + F14*0.11 + G14*0.04 + H14*0.07 + I14*0.1 + J14*0.1 -> 8.225
A15: 7 | B15: Herrera Cruz, Marta | C15: =AVERAGE('1er Trimestre'!C15, '1er Trimestre'!E15, '1er Trimestre'!H15, '2º Trimestre'!H15) -> 9.25 | D15: =AVERAGE('1er Trimestre'!D15, '1er Trimestre'!H15, '2º Trimestre'!H15) -> 9 | E15: =AVERAGE('1er Trimestre'!G15, '2º Trimestre'!C15, '2º Trimestre'!D15, '2º Trimestre'!H15, '2º Trimestre'!I15) -> 9.2 | F15: =AVERAGE('1er Trimestre'!F15, '2º Trimestre'!C15, '2º Trimestre'!H15) -> 9.1666667 | G15: =AVERAGE('2º Trimestre'!E15, '2º Trimestre'!H15, '2º Trimestre'!I15) -> 9.1666667 | H15: =AVERAGE('2º Trimestre'!D15, '2º Trimestre'!H15) -> 9.5 | I15: =AVERAGE('2º Trimestre'!G15, '2º Trimestre'!H15, '2º Trimestre'!I15) -> 9.1666667 | J15: =AVERAGE('2º Trimestre'!F15, '2º Trimestre'!H15, '2º Trimestre'!I15) -> 9.3333333 | K15: =C15*0.22 + D15*0.16 + E15*0.2 + F15*0.11 + G15*0.04 + H15*0.07 + I15*0.1 + J15*0.1 -> 9.205
A16: 8 | B16: Jiménez Ortiz, Pablo | C16: =AVERAGE('1er Trimestre'!C16, '1er Trimestre'!E16, '1er Trimestre'!H16, '2º Trimestre'!H16) -> 5.5 | D16: =AVERAGE('1er Trimestre'!D16, '1er Trimestre'!H16, '2º Trimestre'!H16) -> 5.8333333 | E16: =AVERAGE('1er Trimestre'!G16, '2º Trimestre'!C16, '2º Trimestre'!D16, '2º Trimestre'!H16, '2º Trimestre'!I16) -> 5.8 | F16: =AVERAGE('1er Trimestre'!F16, '2º Trimestre'!C16, '2º Trimestre'!H16) -> 5.5 | G16: =AVERAGE('2º Trimestre'!E16, '2º Trimestre'!H16, '2º Trimestre'!I16) -> 5.6666667 | H16: =AVERAGE('2º Trimestre'!D16, '2º Trimestre'!H16) -> 6 | I16: =AVERAGE('2º Trimestre'!G16, '2º Trimestre'!H16, '2º Trimestre'!I16) -> 5.6666667 | J16: =AVERAGE('2º Trimestre'!F16, '2º Trimestre'!H16, '2º Trimestre'!I16) -> 5.8333333 | K16: =C16*0.22 + D16*0.16 + E16*0.2 + F16*0.11 + G16*0.04 + H16*0.07 + I16*0.1 + J16*0.1 -> 5.705
A17: 9 | B17: López Molina, Sara | C17: =AVERAGE('1er Trimestre'!C17, '1er Trimestre'!E17, '1er Trimestre'!H17, '2º Trimestre'!H17) -> 9.875 | D17: =AVERAGE('1er Trimestre'!D17, '1er Trimestre'!H17, '2º Trimestre'!H17) -> 9.8333333 | E17: =AVERAGE('1er Trimestre'!G17, '2º Trimestre'!C17, '2º Trimestre'!D17, '2º Trimestre'!H17, '2º Trimestre'!I17) -> 9.8 | F17: =AVERAGE('1er Trimestre'!F17, '2º Trimestre'!C17, '2º Trimestre'!H17) -> 10 | G17: =AVERAGE('2º Trimestre'!E17, '2º Trimestre'!H17, '2º Trimestre'!I17) -> 10 | H17: =AVERAGE('2º Trimestre'!D17, '2º Trimestre'!H17) -> 9.75 | I17: =AVERAGE('2º Trimestre'!G17, '2º Trimestre'!H17, '2º Trimestre'!I17) -> 9.8333333 | J17: =AVERAGE('2º Trimestre'!F17, '2º Trimestre'!H17, '2º Trimestre'!I17) -> 10 | K17: =C17*0.22 + D17*0.16 + E17*0.2 + F17*0.11 + G17*0.04 + H17*0.07 + I17*0.1 + J17*0.1 -> 9.8716667
A18: 10 | B18: Martín Vega, Javier | C18: =AVERAGE('1er Trimestre'!C18, '1er Trimestre'!E18, '1er Trimestre'!H18, '2º Trimestre'!H18) -> 3.75 | D18: =AVERAGE('1er Trimestre'!D18, '1er Trimestre'!H18, '2º Trimestre'!H18) -> 3.8333333 | E18: =AVERAGE('1er Trimestre'!G18, '2º Trimestre'!C18, '2º Trimestre'!D18, '2º Trimestre'!H18, '2º Trimestre'!I18) -> 4.1 | F18: =AVERAGE('1er Trimestre'!F18, '2º Trimestre'!C18, '2º Trimestre'!H18) -> 4.1666667 | G18: =AVERAGE('2º Trimestre'!E18, '2º Trimestre'!H18, '2º Trimestre'!I18) -> 4 | H18: =AVERAGE('2º Trimestre'!D18, '2º Trimestre'!H18) -> 4.25 | I18: =AVERAGE('2º Trimestre'!G18, '2º Trimestre'!H18, '2º Trimestre'!I18) -> 4.1666667 | J18: =AVERAGE('2º Trimestre'!F18, '2º Trimestre'!H18, '2º Trimestre'!I18) -> 4 | K18: =C18*0.22 + D18*0.16 + E18*0.2 + F18*0.11 + G18*0.04 + H18*0.07 + I18*0.1 + J18*0.1 -> 3.9908333
A19: 11 | B19: Navarro Gil, Ana | C19: =AVERAGE('1er Trimestre'!C19, '1er Trimestre'!E19, '1er Trimestre'!H19, '2º Trimestre'!H19) -> 8.25 | D19: =AVERAGE('1er Trimestre'!D19, '1er Trimestre'!H19, '2º Trimestre'!H19) -> 8.5 | E19: =AVERAGE('1er Trimestre'!G19, '2º Trimestre'!C19, '2º Trimestre'!D19, '2º Trimestre'!H19, '2º Trimestre'!I19) -> 8.3 | F19: =AVERAGE('1er Trimestre'!F19, '2º Trimestre'!C19, '2º Trimestre'!H19) -> 8.5 | G19: =AVERAGE('2º Trimestre'!E19, '2º Trimestre'!H19, '2º Trimestre'!I19) -> 8.5 | H19: =AVERAGE('2º Trimestre'!D19, '2º Trimestre'!H19) -> 8.25 | I19: =AVERAGE('2º Trimestre'!G19, '2º Trimestre'!H19, '2º Trimestre'!I19) -> 8.3333333 | J19: =AVERAGE('2º Trimestre'!F19, '2º Trimestre'!H19, '2º Trimestre'!I19) -> 8.5 | K19: =C19*0.22 + D19*0.16 + E19*0.2 + F19*0.11 + G19*0.04 + H19*0.07 + I19*0.1 + J19*0.1 -> 8.3708333
A20: 12 | B20: Pérez Rubio, Álvaro | C20: =AVERAGE('1er Trimestre'!C20, '1er Trimestre'!E20, '1er Trimestre'!H20, '2º Trimestre'!H20) -> 7.125 | D20: =AVERAGE('1er Trimestre'!D20, '1er Trimestre'!H20, '2º Trimestre'!H20) -> 6.8333333 | E20: =AVERAGE('1er Trimestre'!G20, '2º Trimestre'!C20, '2º Trimestre'!D20, '2º Trimestre'!H20, '2º Trimestre'!I20) -> 7.2 | F20: =AVERAGE('1er Trimestre'!F20, '2º Trimestre'!C20, '2º Trimestre'!H20) -> 7.1666667 | G20: =AVERAGE('2º Trimestre'!E20, '2º Trimestre'!H20, '2º Trimestre'!I20) -> 7.3333333 | H20: =AVERAGE('2º Trimestre'!D20, '2º Trimestre'!H20) -> 7 | I20: =AVERAGE('2º Trimestre'!G20, '2º Trimestre'!H20, '2º Trimestre'!I20) -> 7.3333333 | J20: =AVERAGE('2º Trimestre'!F20, '2º Trimestre'!H20, '2º Trimestre'!I20) -> 7.1666667 | K20: =C20*0.22 + D20*0.16 + E20*0.2 + F20*0.11 + G20*0.04 + H20*0.07 + I20*0.1 + J20*0.1 -> 7.1225
... A23: 15 | B23: Torres Lozano, Irene | C23: =AVERAGE('1er Trimestre'!C23, '1er Trimestre'!E23, '1er Trimestre'!H23, '2º Trimestre'!H23) -> 9.25 | D23: =AVERAGE('1er Trimestre'!D23, '1er Trimestre'!H23, '2º Trimestre'!H23) -> 9.5 | E23: =AVERAGE('1er Trimestre'!G23, '2º Trimestre'!C23, '2º Trimestre'!D23, '2º Trimestre'!H23, '2º Trimestre'!I23) -> 9.3 | F23: =AVERAGE('1er Trimestre'!F23, '2º Trimestre'!C23, '2º Trimestre'!H23) -> 9.5 | G23: =AVERAGE('2º Trimestre'!E23, '2º Trimestre'!H23, '2º Trimestre'!I23) -> 9.5 | H23: =AVERAGE('2º Trimestre'!D23, '2º Trimestre'!H23) -> 9.25 | I23: =AVERAGE('2º Trimestre'!G23, '2º Trimestre'!H23, '2º Trimestre'!I23) -> 9.5 | J23: =AVERAGE('2º Trimestre'!F23, '2º Trimestre'!H23, '2º Trimestre'!I23) -> 9.6666667 | K23: =C23*0.22 + D23*0.16 + E23*0.2 + F23*0.11 + G23*0.04 + H23*0.07 + I23*0.1 + J23*0.1 -> 9.4041667
A24: PROMEDIO DEL GRUPO | C24: =AVERAGE(C9:C23) -> 7.5083333 | D24: =AVERAGE(D9:D23) -> 7.5777778 | E24: =AVERAGE(E9:E23) -> 7.6466667 | F24: =AVERAGE(F9:F23) -> 7.7 | G24: =AVERAGE(G9:G23) -> 7.7 | H24: =AVERAGE(H9:H23) -> 7.6666667 | I24: =AVERAGE(I9:I23) -> 7.6555556 | J24: =AVERAGE(J9:J23) -> 7.7111111 | K24: =AVERAGE(K9:K23) -> 7.6219444

Sheet Estructura y Ponderaciones
A1: MATRIZ DE RESULTADOS DE APRENDIZAJE, CRITERIOS Y UNIDADES DIDÁCTICAS
A3: Resultado de Aprendizaje (RA) | B3: Pond. RA | C3: Criterios de Evaluación (CE) | D3: Unidades Didácticas (UD) | E3: Actividades e Instrumentos de Evaluación | F3: Trimestre
A4: RA1: Confecciona interfaces gráficas aplicando metodologías de diseño y usabilidad. | B4: 22% | C4: CE1.a a CE1.f: Elementos UI, UX, Wireframes, Figma, Guías estilo, CSS Grid, Tailwind. | D4: UD00, UD01, UD04, UD05, UD06, UD07, UD08, UD13, UD15 | E4: Actividad 1 (Figma), Actividad 3 (Tailwind/Grid), Examen T1, GesFlow | F4: T1 / T2
A5: RA2: Confecciona interfaces de usuario utilizando interfaces naturales (NUI, voz, gestos). | B5: 16% | C5: CE2.a a CE2.e: Conceptos NUI, Web Speech API, MediaPipe gestos, WebXR / 3D, barreras. | D5: UD03 | E5: Actividad 2 (NUI & Speech), Examen T1, GesFlow | F5: T1
A6: RA3: Crea componentes visuales estándar y reutilizables en librerías. | B6: 20% | C6: CE3.a a CE3.f: Angular Standalone, Atomic Design, Signals, Directivas, Storybook, Forms reactivos. | D6: UD07, UD09, UD10, UD11, UD12, UD13, UD14, UD15 | E6: Actividad 5 (Angular), Actividad 6 (Forms), Actividad 7 (Storybook), GesFlow | F6: T1 / T2
A7: RA4: Diseña interfaces accesibles y amigables verificando normativas. | B7: 11% | C7: CE4.a a CE4.e: WCAG 2.2 (A/AA/AAA), WAI-ARIA, navegación teclado, contraste, Axe Core, NVDA. | D7: UD02, UD08, UD12 | E7: Actividad 4 (A11y), Actividad 6 (Forms A11y), Auditoría GesFlow | F7: T1 / T2
A8: RA5: Crea informes y cuadros de mando interactivos integrando datos y gráficos. | B8: 4% | C8: CE5.a a CE5.d: jsPDF, SheetJS (XLSX), Dashboards con Chart.js, filtros y exportación. | D8: UD16, UD17 | E8: Actividad 8 (Informes & Dashboards), Módulo Informes GesFlow | F8: T2
A9: RA6: Elabora la documentación técnica y de usuario de la interfaz. | B9: 7% | C9: CE6.a a CE6.d: Manuales usuario, arquitectura, Compodoc/Typedoc, Zensical/Markdown. | D9: UD14, UD18 | E9: Actividad 7 (Storybook Doc), Manual GesFlow, Documentación Zensical | F9: T2
A10: RA7: Prepara aplicaciones para su distribución empaquetando para escritorio. | B10: 10% | C10: CE7.a a CE7.e: Electron, IPC seguro (Preload/Context Isolation), Forge/Builder, instaladores. | D10: UD20, UD21 | E10: Actividad 10 (Electron), Empaquetado GesFlow Desktop | F10: T2
A11: RA8: Realiza pruebas unitarias, de integración y E2E evaluando robustez. | B11: 10% | C11: CE8.a a CE8.e: Estrategia de tests, Vitest, Testing Library, Playwright E2E, Core Web Vitals. | D11: UD19 | E11: Actividad 9 (Vitest/Playwright), Suite Pruebas GesFlow | F11: T2
A12: TOTAL PONDERACIÓN DEL MÓDULO | B12: 100%

Sheet Seguimiento Dual y Extraord
A1: FASE DE FORMACIÓN DUAL EN EMPRESA (T3 - 86 h) Y CONVOCATORIA EXTRAORDINARIA
A2: Orden de 26 de septiembre de 2025 (Dual Andalucía) | Periodo en Empresa: Marzo a Junio 2026
A4: Nº | B4: Apellidos, Nombre | C4: Nota Ordinaria (Marzo) | D4: Empresa Asignada | E4: Tutor/a Laboral | F4: Horas Dual (Módulo 86 h) | G4: Valoración Empresa (Apto / No Apto) | H4: RAs Pendientes (Extraordinaria) | I4: Nota Convocatoria Extraordinaria (Junio) | J4: Calificación Definitiva Curso Académico
A5: 1 | B5: Álvarez Gómez, Laura | C5: ='Resumen y Calificaciones'!M9 -> 8.7233333 | D5: SoftAndalucía Dev Group | E5: Dra. Beatriz Cano | F5: 86 | G5: =IF(C5>=5, "APTO", "PENDIENTE") -> APTO | H5: =IF(C5<5, "RA1, RA3", "Ninguno") -> Ninguno | J5: =IF(ISBLANK(I5), C5, MAX(C5, I5)) -> 8.7233333
A6: 2 | B6: Benítez Romero, Carlos | C6: ='Resumen y Calificaciones'!M10 -> 6.2558333 | D6: Innovatech Solutions S.L. | E6: Ing. Manuel Rivas | F6: 86 | G6: =IF(C6>=5, "APTO", "PENDIENTE") -> APTO | H6: =IF(C6<5, "RA1, RA3", "Ninguno") -> Ninguno | J6: =IF(ISBLANK(I6), C6, MAX(C6, I6)) -> 6.2558333
A7: 3 | B7: Castillo Morales, Elena | C7: ='Resumen y Calificaciones'!M11 -> 9.7858333 | D7: SoftAndalucía Dev Group | E7: Dra. Beatriz Cano | F7: 86 | G7: =IF(C7>=5, "APTO", "PENDIENTE") -> APTO | H7: =IF(C7<5, "RA1, RA3", "Ninguno") -> Ninguno | J7: =IF(ISBLANK(I7), C7, MAX(C7, I7)) -> 9.7858333
A8: 4 | B8: Delgado Santos, Alejandro | C8: ='Resumen y Calificaciones'!M12 -> 4.5175 | D8: Innovatech Solutions S.L. | E8: Ing. Manuel Rivas | F8: 86 | G8: =IF(C8>=5, "APTO", "PENDIENTE") -> PENDIENTE | H8: =IF(C8<5, "RA1, RA3", "Ninguno") -> RA1, RA3 | J8: =IF(ISBLANK(I8), C8, MAX(C8, I8)) -> 4.5175
A9: 5 | B9: Fernández Navarro, Lucía | C9: ='Resumen y Calificaciones'!M13 -> 7.64 | D9: SoftAndalucía Dev Group | E9: Dra. Beatriz Cano | F9: 86 | G9: =IF(C9>=5, "APTO", "PENDIENTE") -> APTO | H9: =IF(C9<5, "RA1, RA3", "Ninguno") -> Ninguno | J9: =IF(ISBLANK(I9), C9, MAX(C9, I9)) -> 7.64
A10: 6 | B10: García Serrano, David | C10: ='Resumen y Calificaciones'!M14 -> 8.225 | D10: Innovatech Solutions S.L. | E10: Ing. Manuel Rivas | F10: 86 | G10: =IF(C10>=5, "APTO", "PENDIENTE") -> APTO | H10: =IF(C10<5, "RA1, RA3", "Ninguno") -> Ninguno | J10: =IF(ISBLANK(I10), C10, MAX(C10, I10)) -> 8.225
A11: 7 | B11: Herrera Cruz, Marta | C11: ='Resumen y Calificaciones'!M15 -> 9.205 | D11: SoftAndalucía Dev Group | E11: Dra. Beatriz Cano | F11: 86 | G11: =IF(C11>=5, "APTO", "PENDIENTE") -> APTO | H11: =IF(C11<5, "RA1, RA3", "Ninguno") -> Ninguno | J11: =IF(ISBLANK(I11), C11, MAX(C11, I11)) -> 9.205
A12: 8 | B12: Jiménez Ortiz, Pablo | C12: ='Resumen y Calificaciones'!M16 -> 5.705 | D12: Innovatech Solutions S.L. | E12: Ing. Manuel Rivas | F12: 86 | G12: =IF(C12>=5, "APTO", "PENDIENTE") -> APTO | H12: =IF(C12<5, "RA1, RA3", "Ninguno") -> Ninguno | J12: =IF(ISBLANK(I12), C12, MAX(C12, I12)) -> 5.705
A13: 9 | B13: López Molina, Sara | C13: ='Resumen y Calificaciones'!M17 -> 9.8716667 | D13: SoftAndalucía Dev Group | E13: Dra. Beatriz Cano | F13: 86 | G13: =IF(C13>=5, "APTO", "PENDIENTE") -> APTO | H13: =IF(C13<5, "RA1, RA3", "Ninguno") -> Ninguno | J13: =IF(ISBLANK(I13), C13, MAX(C13, I13)) -> 9.8716667
A14: 10 | B14: Martín Vega, Javier | C14: ='Resumen y Calificaciones'!M18 -> 3.9908333 | D14: Innovatech Solutions S.L. | E14: Ing. Manuel Rivas | F14: 86 | G14: =IF(C14>=5, "APTO", "PENDIENTE") -> PENDIENTE | H14: =IF(C14<5, "RA1, RA3", "Ninguno") -> RA1, RA3 | J14: =IF(ISBLANK(I14), C14, MAX(C14, I14)) -> 3.9908333
A15: 11 | B15: Navarro Gil, Ana | C15: ='Resumen y Calificaciones'!M19 -> 8.3708333 | D15: SoftAndalucía Dev Group | E15: Dra. Beatriz Cano | F15: 86 | G15: =IF(C15>=5, "APTO", "PENDIENTE") -> APTO | H15: =IF(C15<5, "RA1, RA3", "Ninguno") -> Ninguno | J15: =IF(ISBLANK(I15), C15, MAX(C15, I15)) -> 8.3708333
A16: 12 | B16: Pérez Rubio, Álvaro | C16: ='Resumen y Calificaciones'!M20 -> 7.1225 | D16: Innovatech Solutions S.L. | E16: Ing. Manuel Rivas | F16: 86 | G16: =IF(C16>=5, "APTO", "PENDIENTE") -> APTO | H16: =IF(C16<5, "RA1, RA3", "Ninguno") -> Ninguno | J16: =IF(ISBLANK(I16), C16, MAX(C16, I16)) -> 7.1225
... A19: 15 | B19: Torres Lozano, Irene | C19: ='Resumen y Calificaciones'!M23 -> 9.4041667 | D19: SoftAndalucía Dev Group | E19: Dra. Beatriz Cano | F19: 86 | G19: =IF(C19>=5, "APTO", "PENDIENTE") -> APTO | H19: =IF(C19<5, "RA1, RA3", "Ninguno") -> Ninguno | J19: =IF(ISBLANK(I19), C19, MAX(C19, I19)) -> 9.4041667
