Workbook

Sheet Matriz Criterios
A1: MATRIZ DE SELECCIÓN DE CRITERIOS DE EVALUACIÓN POR TAREA — DESARROLLO DE INTERFACES (2º DAM)
A2: Marca con una 'X' en la casilla correspondiente para activar los criterios evaluados en cada tarea. Los porcentajes y notas se recalcularán automáticamente.
A4: CRITERIOS OFICIALES DE EVALUACIÓN (DECRETO 104/2024 & RD 405/2023) | H4: 1er TRIMESTRE (T1) — TAREAS Y PRUEBAS | O4: 2º TRIMESTRE (T2) — TAREAS, PRUEBAS Y PROYECTO | W4: Pond. CE Global
A5: RA | B5: Peso RA | C5: Código CE | D5: Descripción Oficial del Criterio de Evaluación | E5: UDs | F5: Total Tareas | G5: Estado Cobertura | H5: T01 Figma & UX | I5: T02 NUI & Voz | J5: T03 Tailwind & Grid | K5: T04 Accesibilidad | L5: T05 Angular Signals | M5: T06 Examen Práctico T1 | N5: T07 Git & Actitud T1 | O5: T08 Formularios & A11y | P5: T09 Storybook & Design | Q5: T10 Informes & Dashboards | R5: T11 Pruebas Vitest | S5: T12 Electron Desktop | T5: T13 Proyecto GesFlow | U5: T14 Examen Práctico T2 | V5: T15 Git & Despliegue T2
A6: RA1 | B6: 0.22 | C6: CE1.a | D6: Se han identificado los elementos que componen la interfaz gráfica. | E6: UD00, UD01 | F6: =COUNTIF(H6:V6, "X") | G6: =IF(F6>0, "EVALUADO", "SIN EVALUAR") | H6: X | M6: X | T6: X | W6: =B6 / COUNTIF(A$6:A$45, A6)
A7: RA1 | B7: 0.22 | C7: CE1.b | D7: Se han analizado los principios de usabilidad y diseño centrado en el usuario (UX). | E7: UD01 | F7: =COUNTIF(H7:V7, "X") | G7: =IF(F7>0, "EVALUADO", "SIN EVALUAR") | H7: X | M7: X | W7: =B7 / COUNTIF(A$6:A$45, A7)
A8: RA1 | B8: 0.22 | C8: CE1.c | D8: Se han elaborado bocetos, wireframes y prototipos interactivos en alta fidelidad (Figma). | E8: UD04 | F8: =COUNTIF(H8:V8, "X") | G8: =IF(F8>0, "EVALUADO", "SIN EVALUAR") | H8: X | M8: X | P8: X | T8: X | W8: =B8 / COUNTIF(A$6:A$45, A8)
A9: RA1 | B9: 0.22 | C9: CE1.d | D9: Se han aplicado guías de estilo, tipografías, colores, espaciados y sistemas de diseño. | E9: UD07, UD13 | F9: =COUNTIF(H9:V9, "X") | G9: =IF(F9>0, "EVALUADO", "SIN EVALUAR") | H9: X | J9: X | P9: X | T9: X | W9: =B9 / COUNTIF(A$6:A$45, A9)
A10: RA1 | B10: 0.22 | C10: CE1.e | D10: Se han diseñado layouts modernos y adaptables (CSS Grid, Flexbox, Tailwind CSS v4). | E10: UD05, UD06, UD08 | F10: =COUNTIF(H10:V10, "X") | G10: =IF(F10>0, "EVALUADO", "SIN EVALUAR") | J10: X | M10: X | T10: X | W10: =B10 / COUNTIF(A$6:A$45, A10)
A11: RA1 | B11: 0.22 | C11: CE1.f | D11: Se ha verificado la correcta interacción y flujo de navegación entre pantallas. | E11: UD04, UD15 | F11: =COUNTIF(H11:V11, "X") | G11: =IF(F11>0, "EVALUADO", "SIN EVALUAR") | H11: X | M11: X | P11: X | T11: X | W11: =B11 / COUNTIF(A$6:A$45, A11)
A12: RA2 | B12: 0.16 | C12: CE2.a | D12: Se han identificado conceptos, arquitecturas y hardware de interfaces naturales (NUI). | E12: UD03 | F12: =COUNTIF(H12:V12, "X") | G12: =IF(F12>0, "EVALUADO", "SIN EVALUAR") | I12: X | M12: X | W12: =B12 / COUNTIF(A$6:A$45, A12)
A13: RA2 | B13: 0.16 | C13: CE2.b | D13: Se han integrado librerías y APIs de reconocimiento y síntesis de voz (Web Speech API). | E13: UD03 | F13: =COUNTIF(H13:V13, "X") | G13: =IF(F13>0, "EVALUADO", "SIN EVALUAR") | I13: X | M13: X | T13: X | W13: =B13 / COUNTIF(A$6:A$45, A13)
A14: RA2 | B14: 0.16 | C14: CE2.c | D14: Se han implementado controles basados en visión artificial y tracking de gestos/manos. | E14: UD03 | F14: =COUNTIF(H14:V14, "X") | G14: =IF(F14>0, "EVALUADO", "SIN EVALUAR") | I14: X | W14: =B14 / COUNTIF(A$6:A$45, A14)
A15: RA2 | B15: 0.16 | C15: CE2.d | D15: Se han explorado patrones de realidad aumentada y experiencias inmersivas (WebXR/Three.js). | E15: UD03 | F15: =COUNTIF(H15:V15, "X") | G15: =IF(F15>0, "EVALUADO", "SIN EVALUAR") | I15: X | W15: =B15 / COUNTIF(A$6:A$45, A15)
A16: RA2 | B16: 0.16 | C16: CE2.e | D16: Se han evaluado ventajas y barreras de accesibilidad de interfaces conversacionales y gestuales. | E16: UD03 | F16: =COUNTIF(H16:V16, "X") | G16: =IF(F16>0, "EVALUADO", "SIN EVALUAR") | I16: X | M16: X | W16: =B16 / COUNTIF(A$6:A$45, A16)
A17: RA3 | B17: 0.2 | C17: CE3.a | D17: Se ha seleccionado el framework y entorno de desarrollo (Angular 19+ Standalone). | E17: UD09, UD10 | F17: =COUNTIF(H17:V17, "X") | G17: =IF(F17>0, "EVALUADO", "SIN EVALUAR") | L17: X | M17: X | T17: X | W17: =B17 / COUNTIF(A$6:A$45, A17)
A18: RA3 | B18: 0.2 | C18: CE3.b | D18: Se han diseñado componentes reutilizables aplicando atomic design. | E18: UD11, UD13 | F18: =COUNTIF(H18:V18, "X") | G18: =IF(F18>0, "EVALUADO", "SIN EVALUAR") | L18: X | M18: X | P18: X | T18: X | W18: =B18 / COUNTIF(A$6:A$45, A18)
A19: RA3 | B19: 0.2 | C19: CE3.c | D19: Se ha gestionado el estado reactivo y comunicación de componentes (Signals, RxJS). | E19: UD10, UD11 | F19: =COUNTIF(H19:V19, "X") | G19: =IF(F19>0, "EVALUADO", "SIN EVALUAR") | L19: X | M19: X | O19: X | T19: X | U19: X | W19: =B19 / COUNTIF(A$6:A$45, A19)
A20: RA3 | B20: 0.2 | C20: CE3.d | D20: Se han integrado directivas, pipes personalizados e inyección de dependencias. | E20: UD10, UD11 | F20: =COUNTIF(H20:V20, "X") | G20: =IF(F20>0, "EVALUADO", "SIN EVALUAR") | L20: X | O20: X | T20: X | W20: =B20 / COUNTIF(A$6:A$45, A20)
A21: RA3 | B21: 0.2 | C21: CE3.e | D21: Se ha documentado e interactuado con la librería de componentes mediante Storybook. | E21: UD14 | F21: =COUNTIF(H21:V21, "X") | G21: =IF(F21>0, "EVALUADO", "SIN EVALUAR") | P21: X | T21: X | W21: =B21 / COUNTIF(A$6:A$45, A21)
A22: RA3 | B22: 0.2 | C22: CE3.f | D22: Se han creado formularios reactivos con validaciones asíncronas y accesibles. | E22: UD12 | F22: =COUNTIF(H22:V22, "X") | G22: =IF(F22>0, "EVALUADO", "SIN EVALUAR") | O22: X | T22: X | U22: X | W22: =B22 / COUNTIF(A$6:A$45, A22)
A23: RA4 | B23: 0.11 | C23: CE4.a | D23: Se han analizado las pautas WCAG 2.2 en niveles A, AA y AAA. | E23: UD02 | F23: =COUNTIF(H23:V23, "X") | G23: =IF(F23>0, "EVALUADO", "SIN EVALUAR") | K23: X | M23: X | W23: =B23 / COUNTIF(A$6:A$45, A23)
A24: RA4 | B24: 0.11 | C24: CE4.b | D24: Se han verificado atributos semánticos WAI-ARIA (roles, states, live regions). | E24: UD02, UD12 | F24: =COUNTIF(H24:V24, "X") | G24: =IF(F24>0, "EVALUADO", "SIN EVALUAR") | K24: X | O24: X | T24: X | W24: =B24 / COUNTIF(A$6:A$45, A24)
A25: RA4 | B25: 0.11 | C25: CE4.c | D25: Se ha asegurado navegación por teclado, focos visibles y ratios de contraste. | E25: UD02, UD08 | F25: =COUNTIF(H25:V25, "X") | G25: =IF(F25>0, "EVALUADO", "SIN EVALUAR") | K25: X | M25: X | O25: X | T25: X | W25: =B25 / COUNTIF(A$6:A$45, A25)
A26: RA4 | B26: 0.11 | C26: CE4.d | D26: Se han ejecutado auditorías automáticas de accesibilidad (Axe Core, Lighthouse). | E26: UD02 | F26: =COUNTIF(H26:V26, "X") | G26: =IF(F26>0, "EVALUADO", "SIN EVALUAR") | K26: X | T26: X | W26: =B26 / COUNTIF(A$6:A$45, A26)
A27: RA4 | B27: 0.11 | C27: CE4.e | D27: Se han realizado pruebas de compatibilidad con lectores de pantalla (NVDA, VoiceOver). | E27: UD02, UD12 | F27: =COUNTIF(H27:V27, "X") | G27: =IF(F27>0, "EVALUADO", "SIN EVALUAR") | K27: X | O27: X | W27: =B27 / COUNTIF(A$6:A$45, A27)
A28: RA5 | B28: 0.04 | C28: CE5.a | D28: Se han seleccionado herramientas y librerías de generación de documentos (jsPDF, SheetJS). | E28: UD16 | F28: =COUNTIF(H28:V28, "X") | G28: =IF(F28>0, "EVALUADO", "SIN EVALUAR") | Q28: X | T28: X | U28: X | W28: =B28 / COUNTIF(A$6:A$45, A28)
A29: RA5 | B29: 0.04 | C29: CE5.b | D29: Se han diseñado plantillas de informes estructurados con tablas y paginación. | E29: UD16 | F29: =COUNTIF(H29:V29, "X") | G29: =IF(F29>0, "EVALUADO", "SIN EVALUAR") | Q29: X | T29: X | W29: =B29 / COUNTIF(A$6:A$45, A29)
A30: RA5 | B30: 0.04 | C30: CE5.c | D30: Se han creado cuadros de mando interactivos con visualización de datos (Chart.js). | E30: UD17 | F30: =COUNTIF(H30:V30, "X") | G30: =IF(F30>0, "EVALUADO", "SIN EVALUAR") | Q30: X | T30: X | W30: =B30 / COUNTIF(A$6:A$45, A30)
A31: RA5 | B31: 0.04 | C31: CE5.d | D31: Se han implementado filtros dinámicos y exportación en formatos estándar (PDF, Excel, CSV). | E31: UD17 | F31: =COUNTIF(H31:V31, "X") | G31: =IF(F31>0, "EVALUADO", "SIN EVALUAR") | Q31: X | T31: X | W31: =B31 / COUNTIF(A$6:A$45, A31)
A32: RA6 | B32: 0.07 | C32: CE6.a | D32: Se han identificado destinatarios y requisitos de la documentación técnica y de usuario. | E32: UD18 | F32: =COUNTIF(H32:V32, "X") | G32: =IF(F32>0, "EVALUADO", "SIN EVALUAR") | P32: X | T32: X | W32: =B32 / COUNTIF(A$6:A$45, A32)
A33: RA6 | B33: 0.07 | C33: CE6.b | D33: Se han generado esquemas, diagramas de flujo y arquitectura de la interfaz. | E33: UD18 | F33: =COUNTIF(H33:V33, "X") | G33: =IF(F33>0, "EVALUADO", "SIN EVALUAR") | P33: X | T33: X | W33: =B33 / COUNTIF(A$6:A$45, A33)
A34: RA6 | B34: 0.07 | C34: CE6.c | D34: Se ha automatizado la generación de documentación de componentes (Compodoc, Storybook). | E34: UD14, UD18 | F34: =COUNTIF(H34:V34, "X") | G34: =IF(F34>0, "EVALUADO", "SIN EVALUAR") | P34: X | T34: X | W34: =B34 / COUNTIF(A$6:A$45, A34)
A35: RA6 | B35: 0.07 | C35: CE6.d | D35: Se han redactado guías de estilo, manuales interactivos y ayuda en línea (Zensical/Markdown). | E35: UD18 | F35: =COUNTIF(H35:V35, "X") | G35: =IF(F35>0, "EVALUADO", "SIN EVALUAR") | P35: X | T35: X | W35: =B35 / COUNTIF(A$6:A$45, A35)
A36: RA7 | B36: 0.1 | C36: CE7.a | D36: Se han identificado entornos de ejecución y plataformas de destino (Windows, macOS, Linux). | E36: UD20 | F36: =COUNTIF(H36:V36, "X") | G36: =IF(F36>0, "EVALUADO", "SIN EVALUAR") | S36: X | T36: X | W36: =B36 / COUNTIF(A$6:A$45, A36)
A37: RA7 | B37: 0.1 | C37: CE7.b | D37: Se ha integrado la aplicación Angular en un contenedor de escritorio con Electron. | E37: UD20 | F37: =COUNTIF(H37:V37, "X") | G37: =IF(F37>0, "EVALUADO", "SIN EVALUAR") | S37: X | T37: X | U37: X | W37: =B37 / COUNTIF(A$6:A$45, A37)
A38: RA7 | B38: 0.1 | C38: CE7.c | D38: Se ha configurado la comunicación IPC segura (Preload Scripts, Context Isolation). | E38: UD20 | F38: =COUNTIF(H38:V38, "X") | G38: =IF(F38>0, "EVALUADO", "SIN EVALUAR") | S38: X | T38: X | U38: X | W38: =B38 / COUNTIF(A$6:A$45, A38)
A39: RA7 | B39: 0.1 | C39: CE7.d | D39: Se han generado paquetes e instaladores multiplataforma (Forge, Builder, MSIX, AppImage). | E39: UD21 | F39: =COUNTIF(H39:V39, "X") | G39: =IF(F39>0, "EVALUADO", "SIN EVALUAR") | S39: X | T39: X | W39: =B39 / COUNTIF(A$6:A$45, A39)
A40: RA7 | B40: 0.1 | C40: CE7.e | D40: Se han configurado actualizaciones automáticas y firmas de ejecutables. | E40: UD21 | F40: =COUNTIF(H40:V40, "X") | G40: =IF(F40>0, "EVALUADO", "SIN EVALUAR") | S40: X | W40: =B40 / COUNTIF(A$6:A$45, A40)
A41: RA8 | B41: 0.1 | C41: CE8.a | D41: Se ha planificado la estrategia de pruebas de la interfaz de usuario. | E41: UD19 | F41: =COUNTIF(H41:V41, "X") | G41: =IF(F41>0, "EVALUADO", "SIN EVALUAR") | R41: X | T41: X | W41: =B41 / COUNTIF(A$6:A$45, A41)
A42: RA8 | B42: 0.1 | C42: CE8.b | D42: Se han implementado pruebas unitarias de componentes y servicios (Vitest). | E42: UD19 | F42: =COUNTIF(H42:V42, "X") | G42: =IF(F42>0, "EVALUADO", "SIN EVALUAR") | R42: X | T42: X | U42: X | W42: =B42 / COUNTIF(A$6:A$45, A42)
A43: RA8 | B43: 0.1 | C43: CE8.c | D43: Se han realizado pruebas de integración y simulación de eventos (Testing Library). | E43: UD19 | F43: =COUNTIF(H43:V43, "X") | G43: =IF(F43>0, "EVALUADO", "SIN EVALUAR") | R43: X | T43: X | W43: =B43 / COUNTIF(A$6:A$45, A43)
A44: RA8 | B44: 0.1 | C44: CE8.d | D44: Se han automatizado pruebas End-to-End (E2E) de flujos críticos (Playwright). | E44: UD19 | F44: =COUNTIF(H44:V44, "X") | G44: =IF(F44>0, "EVALUADO", "SIN EVALUAR") | R44: X | T44: X | U44: X | W44: =B44 / COUNTIF(A$6:A$45, A44)
A45: RA8 | B45: 0.1 | C45: CE8.e | D45: Se han medido métricas de rendimiento, tiempos de renderizado y Core Web Vitals. | E45: UD19 | F45: =COUNTIF(H45:V45, "X") | G45: =IF(F45>0, "EVALUADO", "SIN EVALUAR") | R45: X | T45: X | W45: =B45 / COUNTIF(A$6:A$45, A45)
A46: TOTAL CRITERIOS EVALUADOS POR ESTA TAREA | H46: =COUNTIF(H$6:H$45, "X") | I46: =COUNTIF(I$6:I$45, "X") | J46: =COUNTIF(J$6:J$45, "X") | K46: =COUNTIF(K$6:K$45, "X") | L46: =COUNTIF(L$6:L$45, "X") | M46: =COUNTIF(M$6:M$45, "X") | N46: =COUNTIF(N$6:N$45, "X") | O46: =COUNTIF(O$6:O$45, "X") | ... V46: =COUNTIF(V$6:V$45, "X") | W46: 100.0%
A47: PESO ASIGNADO A LA TAREA EN SU TRIMESTRE (Editable) | H47: 0.15 | I47: 0.15 | J47: 0.15 | K47: 0.15 | L47: 0.15 | M47: 0.2 | N47: 0.05 | O47: 0.1 | P47: 0.1 | Q47: 0.1 | R47: 0.1 | S47: 0.1 | T47: 0.25 | U47: 0.2 | V47: 0.05

Sheet Registro Notas
A1: REGISTRO DE CALIFICACIONES POR TAREA — DESARROLLO DE INTERFACES (2º DAM)
A2: Introduce las calificaciones obtenidas por cada alumno/a (0 a 10). Las notas trimestrales y el progreso por criterios se calculan en tiempo real.
A4: DATOS DEL ALUMNADO | D4: TAREAS 1er TRIMESTRE (T1) | K4: TAREAS 2º TRIMESTRE (T2) | S4: CALIFICACIONES TRIMESTRALES
A5: Nº | B5: Apellidos, Nombre | C5: Grupo | D5: T01 (15%) Figma UX | E5: T02 (15%) NUI Voz | F5: T03 (15%) Tailwind | G5: T04 (15%) Accesib. | H5: T05 (15%) Angular | I5: T06 (20%) Examen T1 | J5: T07 (5%) Git T1 | K5: T08 (10%) Forms A11y | L5: T09 (10%) Storybook | M5: T10 (10%) Informes | N5: T11 (10%) Vitest/E2E | O5: T12 (10%) Electron | P5: T13 (25%) GesFlow | Q5: T14 (20%) Examen T2 | R5: T15 (5%) Git T2 | S5: 1º TRIMESTRE (Ponderado T1) | T5: 2º TRIMESTRE (Ponderado T2)
A6: 1 | B6: Álvarez Gómez, Laura | C6: 2º DAM | D6: 8.5 | E6: 9 | F6: 8 | G6: 8.5 | H6: 9 | I6: 8.5 | J6: 9 | K6: 8.5 | L6: 9 | M6: 8.5 | N6: 9 | O6: 8.5 | P6: 9 | Q6: 8.5 | R6: 9.5 | S6: =D6*'Matriz Criterios'!H$47 + E6*'Matriz Criterios'!I$47 + F6*'Matriz Criterios'!J$47 + G6*'Matriz Criterios'!K$47 + H6*'Matriz Criterios'!L$47 + I6*'Matriz Criterios'!M$47 + J6*'Matriz Criterios'!N$47 | T6: =K6*'Matriz Criterios'!O$47 + L6*'Matriz Criterios'!P$47 + M6*'Matriz Criterios'!Q$47 + N6*'Matriz Criterios'!R$47 + O6*'Matriz Criterios'!S$47 + P6*'Matriz Criterios'!T$47 + Q6*'Matriz Criterios'!U$47 + R6*'Matriz Criterios'!V$47
A7: 2 | B7: Benítez Romero, Carlos | C7: 2º DAM | D7: 6 | E7: 5.5 | F7: 6.5 | G7: 7 | H7: 6 | I7: 6 | J7: 7 | K7: 6.5 | L7: 6 | M7: 7 | N7: 6.5 | O7: 6 | P7: 6.5 | Q7: 6 | R7: 7 | S7: =D7*'Matriz Criterios'!H$47 + E7*'Matriz Criterios'!I$47 + F7*'Matriz Criterios'!J$47 + G7*'Matriz Criterios'!K$47 + H7*'Matriz Criterios'!L$47 + I7*'Matriz Criterios'!M$47 + J7*'Matriz Criterios'!N$47 | T7: =K7*'Matriz Criterios'!O$47 + L7*'Matriz Criterios'!P$47 + M7*'Matriz Criterios'!Q$47 + N7*'Matriz Criterios'!R$47 + O7*'Matriz Criterios'!S$47 + P7*'Matriz Criterios'!T$47 + Q7*'Matriz Criterios'!U$47 + R7*'Matriz Criterios'!V$47
A8: 3 | B8: Castillo Morales, Elena | C8: 2º DAM | D8: 9.5 | E8: 9 | F8: 10 | G8: 9.5 | H8: 10 | I8: 9.5 | J8: 10 | K8: 10 | L8: 9.5 | M8: 9.5 | N8: 10 | O8: 9.5 | P8: 10 | Q8: 10 | R8: 10 | S8: =D8*'Matriz Criterios'!H$47 + E8*'Matriz Criterios'!I$47 + F8*'Matriz Criterios'!J$47 + G8*'Matriz Criterios'!K$47 + H8*'Matriz Criterios'!L$47 + I8*'Matriz Criterios'!M$47 + J8*'Matriz Criterios'!N$47 | T8: =K8*'Matriz Criterios'!O$47 + L8*'Matriz Criterios'!P$47 + M8*'Matriz Criterios'!Q$47 + N8*'Matriz Criterios'!R$47 + O8*'Matriz Criterios'!S$47 + P8*'Matriz Criterios'!T$47 + Q8*'Matriz Criterios'!U$47 + R8*'Matriz Criterios'!V$47
A9: 4 | B9: Delgado Santos, Alejandro | C9: 2º DAM | D9: 4 | E9: 5 | F9: 4.5 | G9: 5.5 | H9: 4 | I9: 4.5 | J9: 6 | K9: 5 | L9: 4.5 | M9: 5 | N9: 4.5 | O9: 5 | P9: 4.5 | Q9: 4 | R9: 5 | S9: =D9*'Matriz Criterios'!H$47 + E9*'Matriz Criterios'!I$47 + F9*'Matriz Criterios'!J$47 + G9*'Matriz Criterios'!K$47 + H9*'Matriz Criterios'!L$47 + I9*'Matriz Criterios'!M$47 + J9*'Matriz Criterios'!N$47 | T9: =K9*'Matriz Criterios'!O$47 + L9*'Matriz Criterios'!P$47 + M9*'Matriz Criterios'!Q$47 + N9*'Matriz Criterios'!R$47 + O9*'Matriz Criterios'!S$47 + P9*'Matriz Criterios'!T$47 + Q9*'Matriz Criterios'!U$47 + R9*'Matriz Criterios'!V$47
A10: 5 | B10: Fernández Navarro, Lucía | C10: 2º DAM | D10: 7.5 | E10: 8 | F10: 7 | G10: 7.5 | H10: 8 | I10: 7.5 | J10: 8.5 | K10: 7.5 | L10: 8 | M10: 8 | N10: 7.5 | O10: 8 | P10: 7.5 | Q10: 8 | R10: 8.5 | S10: =D10*'Matriz Criterios'!H$47 + E10*'Matriz Criterios'!I$47 + F10*'Matriz Criterios'!J$47 + G10*'Matriz Criterios'!K$47 + H10*'Matriz Criterios'!L$47 + I10*'Matriz Criterios'!M$47 + J10*'Matriz Criterios'!N$47 | T10: =K10*'Matriz Criterios'!O$47 + L10*'Matriz Criterios'!P$47 + M10*'Matriz Criterios'!Q$47 + N10*'Matriz Criterios'!R$47 + O10*'Matriz Criterios'!S$47 + P10*'Matriz Criterios'!T$47 + Q10*'Matriz Criterios'!U$47 + R10*'Matriz Criterios'!V$47
A11: 6 | B11: García Serrano, David | C11: 2º DAM | D11: 8 | E11: 7.5 | F11: 8.5 | G11: 8 | H11: 8.5 | I11: 8 | J11: 8.5 | K11: 8 | L11: 8.5 | M11: 8 | N11: 8.5 | O11: 8 | P11: 8.5 | Q11: 8 | R11: 8.5 | S11: =D11*'Matriz Criterios'!H$47 + E11*'Matriz Criterios'!I$47 + F11*'Matriz Criterios'!J$47 + G11*'Matriz Criterios'!K$47 + H11*'Matriz Criterios'!L$47 + I11*'Matriz Criterios'!M$47 + J11*'Matriz Criterios'!N$47 | T11: =K11*'Matriz Criterios'!O$47 + L11*'Matriz Criterios'!P$47 + M11*'Matriz Criterios'!Q$47 + N11*'Matriz Criterios'!R$47 + O11*'Matriz Criterios'!S$47 + P11*'Matriz Criterios'!T$47 + Q11*'Matriz Criterios'!U$47 + R11*'Matriz Criterios'!V$47
A12: 7 | B12: Herrera Cruz, Marta | C12: 2º DAM | D12: 9 | E12: 8.5 | F12: 9.5 | G12: 9 | H12: 9 | I12: 9 | J12: 9.5 | K12: 9 | L12: 9.5 | M12: 9 | N12: 9.5 | O12: 9 | P12: 9.5 | Q12: 9 | R12: 9.5 | S12: =D12*'Matriz Criterios'!H$47 + E12*'Matriz Criterios'!I$47 + F12*'Matriz Criterios'!J$47 + G12*'Matriz Criterios'!K$47 + H12*'Matriz Criterios'!L$47 + I12*'Matriz Criterios'!M$47 + J12*'Matriz Criterios'!N$47 | T12: =K12*'Matriz Criterios'!O$47 + L12*'Matriz Criterios'!P$47 + M12*'Matriz Criterios'!Q$47 + N12*'Matriz Criterios'!R$47 + O12*'Matriz Criterios'!S$47 + P12*'Matriz Criterios'!T$47 + Q12*'Matriz Criterios'!U$47 + R12*'Matriz Criterios'!V$47
A13: 8 | B13: Jiménez Ortiz, Pablo | C13: 2º DAM | D13: 5 | E13: 6 | F13: 5.5 | G13: 5 | H13: 6 | I13: 5.5 | J13: 6.5 | K13: 5.5 | L13: 6 | M13: 5.5 | N13: 6 | O13: 5.5 | P13: 6 | Q13: 5.5 | R13: 6.5 | S13: =D13*'Matriz Criterios'!H$47 + E13*'Matriz Criterios'!I$47 + F13*'Matriz Criterios'!J$47 + G13*'Matriz Criterios'!K$47 + H13*'Matriz Criterios'!L$47 + I13*'Matriz Criterios'!M$47 + J13*'Matriz Criterios'!N$47 | T13: =K13*'Matriz Criterios'!O$47 + L13*'Matriz Criterios'!P$47 + M13*'Matriz Criterios'!Q$47 + N13*'Matriz Criterios'!R$47 + O13*'Matriz Criterios'!S$47 + P13*'Matriz Criterios'!T$47 + Q13*'Matriz Criterios'!U$47 + R13*'Matriz Criterios'!V$47
A14: 9 | B14: López Molina, Sara | C14: 2º DAM | D14: 10 | E14: 9.5 | F14: 9.5 | G14: 10 | H14: 9.5 | I14: 10 | J14: 10 | K14: 10 | L14: 9.5 | M14: 10 | N14: 10 | O14: 9.5 | P14: 10 | Q14: 10 | R14: 10 | S14: =D14*'Matriz Criterios'!H$47 + E14*'Matriz Criterios'!I$47 + F14*'Matriz Criterios'!J$47 + G14*'Matriz Criterios'!K$47 + H14*'Matriz Criterios'!L$47 + I14*'Matriz Criterios'!M$47 + J14*'Matriz Criterios'!N$47 | T14: =K14*'Matriz Criterios'!O$47 + L14*'Matriz Criterios'!P$47 + M14*'Matriz Criterios'!Q$47 + N14*'Matriz Criterios'!R$47 + O14*'Matriz Criterios'!S$47 + P14*'Matriz Criterios'!T$47 + Q14*'Matriz Criterios'!U$47 + R14*'Matriz Criterios'!V$47
A15: 10 | B15: Martín Vega, Javier | C15: 2º DAM | D15: 3.5 | E15: 4 | F15: 4 | G15: 4.5 | H15: 4 | I15: 3.5 | J15: 5 | K15: 4 | L15: 4.5 | M15: 4 | N15: 4 | O15: 4.5 | P15: 4 | Q15: 4 | R15: 4.5 | S15: =D15*'Matriz Criterios'!H$47 + E15*'Matriz Criterios'!I$47 + F15*'Matriz Criterios'!J$47 + G15*'Matriz Criterios'!K$47 + H15*'Matriz Criterios'!L$47 + I15*'Matriz Criterios'!M$47 + J15*'Matriz Criterios'!N$47 | T15: =K15*'Matriz Criterios'!O$47 + L15*'Matriz Criterios'!P$47 + M15*'Matriz Criterios'!Q$47 + N15*'Matriz Criterios'!R$47 + O15*'Matriz Criterios'!S$47 + P15*'Matriz Criterios'!T$47 + Q15*'Matriz Criterios'!U$47 + R15*'Matriz Criterios'!V$47
A16: 11 | B16: Navarro Gil, Ana | C16: 2º DAM | D16: 8 | E16: 8.5 | F16: 8 | G16: 8.5 | H16: 8 | I16: 8.5 | J16: 9 | K16: 8.5 | L16: 8 | M16: 8.5 | N16: 8.5 | O16: 8 | P16: 8.5 | Q16: 8.5 | R16: 9 | S16: =D16*'Matriz Criterios'!H$47 + E16*'Matriz Criterios'!I$47 + F16*'Matriz Criterios'!J$47 + G16*'Matriz Criterios'!K$47 + H16*'Matriz Criterios'!L$47 + I16*'Matriz Criterios'!M$47 + J16*'Matriz Criterios'!N$47 | T16: =K16*'Matriz Criterios'!O$47 + L16*'Matriz Criterios'!P$47 + M16*'Matriz Criterios'!Q$47 + N16*'Matriz Criterios'!R$47 + O16*'Matriz Criterios'!S$47 + P16*'Matriz Criterios'!T$47 + Q16*'Matriz Criterios'!U$47 + R16*'Matriz Criterios'!V$47
A17: 12 | B17: Pérez Rubio, Álvaro | C17: 2º DAM | D17: 7 | E17: 6.5 | F17: 7.5 | G17: 7 | H17: 7 | I17: 7 | J17: 7.5 | K17: 7.5 | L17: 7 | M17: 7.5 | N17: 7 | O17: 7.5 | P17: 7 | Q17: 7.5 | R17: 7.5 | S17: =D17*'Matriz Criterios'!H$47 + E17*'Matriz Criterios'!I$47 + F17*'Matriz Criterios'!J$47 + G17*'Matriz Criterios'!K$47 + H17*'Matriz Criterios'!L$47 + I17*'Matriz Criterios'!M$47 + J17*'Matriz Criterios'!N$47 | T17: =K17*'Matriz Criterios'!O$47 + L17*'Matriz Criterios'!P$47 + M17*'Matriz Criterios'!Q$47 + N17*'Matriz Criterios'!R$47 + O17*'Matriz Criterios'!S$47 + P17*'Matriz Criterios'!T$47 + Q17*'Matriz Criterios'!U$47 + R17*'Matriz Criterios'!V$47
... A20: 15 | B20: Torres Lozano, Irene | C20: 2º DAM | D20: 9 | E20: 9.5 | F20: 9 | G20: 9.5 | H20: 9 | I20: 9.5 | J20: 9.5 | K20: 9.5 | L20: 9 | M20: 9.5 | N20: 10 | O20: 9.5 | P20: 9.5 | Q20: 9.5 | R20: 10 | S20: =D20*'Matriz Criterios'!H$47 + E20*'Matriz Criterios'!I$47 + F20*'Matriz Criterios'!J$47 + G20*'Matriz Criterios'!K$47 + H20*'Matriz Criterios'!L$47 + I20*'Matriz Criterios'!M$47 + J20*'Matriz Criterios'!N$47 | T20: =K20*'Matriz Criterios'!O$47 + L20*'Matriz Criterios'!P$47 + M20*'Matriz Criterios'!Q$47 + N20*'Matriz Criterios'!R$47 + O20*'Matriz Criterios'!S$47 + P20*'Matriz Criterios'!T$47 + Q20*'Matriz Criterios'!U$47 + R20*'Matriz Criterios'!V$47
A21: PROMEDIO DEL GRUPO | D21: =AVERAGE(D6:D20) | E21: =AVERAGE(E6:E20) | F21: =AVERAGE(F6:F20) | G21: =AVERAGE(G6:G20) | H21: =AVERAGE(H6:H20) | I21: =AVERAGE(I6:I20) | J21: =AVERAGE(J6:J20) | K21: =AVERAGE(K6:K20) | ... T21: =AVERAGE(T6:T20)

Sheet Calculo CEs
A1: CALIFICACIÓN DETALLADA POR CRITERIOS DE EVALUACIÓN (CE1.a a CE8.e) — DESARROLLO DE INTERFACES
A2: Cálculo matemático automático: cada criterio se calcula promediando exclusivamente las tareas donde tiene marcada una 'X' en la 'Matriz Criterios'.
A4: ALUMNADO | C4: RA1 (22%) — Interfaces Gráficas, UX, Figma y Layouts | I4: RA2 (16%) — Interfaces Naturales (NUI, Voz, Gestos) | N4: RA3 (20%) — Componentes Angular Standalone y Forms | T4: RA4 (11%) — Accesibilidad Universal y WCAG 2.2 | Y4: RA5 (4%) — Informes y Cuadros Mando | AC4: RA6 (7%) — Documentación Técnica y Storybook | AG4: RA7 (10%) — Escritorio Electron y Empaquetado | AL4: RA8 (10%) — Pruebas Vitest y Playwright E2E | AQ4: RESUMEN DE CRITERIOS
A5: Nº | B5: Apellidos, Nombre | C5: CE1.a | D5: CE1.b | E5: CE1.c | F5: CE1.d | G5: CE1.e | H5: CE1.f | I5: CE2.a | J5: CE2.b | K5: CE2.c | L5: CE2.d | M5: CE2.e | N5: CE3.a | O5: CE3.b | P5: CE3.c | Q5: CE3.d | R5: CE3.e | S5: CE3.f | T5: CE4.a | U5: CE4.b | V5: CE4.c | W5: CE4.d | X5: CE4.e | Y5: CE5.a | Z5: CE5.b | AA5: CE5.c | AB5: CE5.d | AC5: CE6.a | AD5: CE6.b | AE5: CE6.c | AF5: CE6.d | AG5: CE7.a | AH5: CE7.b | AI5: CE7.c | AJ5: CE7.d | AK5: CE7.e | AL5: CE8.a | AM5: CE8.b | AN5: CE8.c | AO5: CE8.d | AP5: CE8.e | AQ5: Media CEs Superados | AR5: Nº CEs >= 5 (de 40)
A6: 1 | B6: Álvarez Gómez, Laura | C6: =IF(SUMPRODUCT(('Matriz Criterios'!$H$6:$V$6="X")*ISNUMBER('Registro Notas'!$D6:$R6))=0, "-", SUMPRODUCT(('Matriz Criterios'!$H$6:$V$6="X")*ISNUMBER('Registro Notas'!$D6:$R6)*'Registro Notas'!$D6:$R6)/SUMPRODUCT(('Matriz Criterios'!$H$6:$V$6="X")*ISNUMBER('Registro Notas'!$D6:$R6))) | D6: =IF(SUMPRODUCT(('Matriz Criterios'!$H$7:$V$7="X")*ISNUMBER('Registro Notas'!$D6:$R6))=0, "-", SUMPRODUCT(('Matriz Criterios'!$H$7:$V$7="X")*ISNUMBER('Registro Notas'!$D6:$R6)*'Registro Notas'!$D6:$R6)/SUMPRODUCT(('Matriz Criterios'!$H$7:$V$7="X")*ISNUMBER('Registro Notas'!$D6:$R6))) | E6: =IF(SUMPRODUCT(('Matriz Criterios'!$H$8:$V$8="X")*ISNUMBER('Registro Notas'!$D6:$R6))=0, "-", SUMPRODUCT(('Matriz Criterios'!$H$8:$V$8="X")*ISNUMBER('Registro Notas'!$D6:$R6)*'Registro Notas'!$D6:$R6)/SUMPRODUCT(('Matriz Criterios'!$H$8:$V$8="X")*ISNUMBER('Registro Notas'!$D6:$R6))) | F6: =IF(SUMPRODUCT(('Matriz Criterios'!$H$9:$V$9="X")*ISNUMBER('Registro Notas'!$D6:$R6))=0, "-", SUMPRODUCT(('Matriz Criterios'!$H$9:$V$9="X")*ISNUMBER('Registro Notas'!$D6:$R6)*'Registro Notas'!$D6:$R6)/SUMPRODUCT(('Matriz Criterios'!$H$9:$V$9="X")*ISNUMBER('Registro Notas'!$D6:$R6))) | G6: =IF(SUMPRODUCT(('Matriz Criterios'!$H$10:$V$10="X")*ISNUMBER('Registro Notas'!$D6:$R6))=0, "-", SUMPRODUCT(('Matriz Criterios'!$H$10:$V$10="X")*ISNUMBER('Registro Notas'!$D6:$R6)*'Registro Notas'!$D6:$R6)/SUMPRODUCT(('Matriz Criterios'!$H$10:$V$10="X")*ISNUMBER('Registro Notas'!$D6:$R6))) | H6: =IF(SUMPRODUCT(('Matriz Criterios'!$H$11:$V$11="X")*ISNUMBER('Registro Notas'!$D6:$R6))=0, "-", SUMPRODUCT(('Matriz Criterios'!$H$11:$V$11="X")*ISNUMBER('Registro Notas'!$D6:$R6)*'Registro Notas'!$D6:$R6)/SUMPRODUCT(('Matriz Criterios'!$H$11:$V$11="X")*ISNUMBER('Registro Notas'!$D6:$R6))) | I6: =IF(SUMPRODUCT(('Matriz Criterios'!$H$12:$V$12="X")*ISNUMBER('Registro Notas'!$D6:$R6))=0, "-", SUMPRODUCT(('Matriz Criterios'!$H$12:$V$12="X")*ISNUMBER('Registro Notas'!$D6:$R6)*'Registro Notas'!$D6:$R6)/SUMPRODUCT(('Matriz Criterios'!$H$12:$V$12="X")*ISNUMBER('Registro Notas'!$D6:$R6))) | J6: =IF(SUMPRODUCT(('Matriz Criterios'!$H$13:$V$13="X")*ISNUMBER('Registro Notas'!$D6:$R6))=0, "-", SUMPRODUCT(('Matriz Criterios'!$H$13:$V$13="X")*ISNUMBER('Registro Notas'!$D6:$R6)*'Registro Notas'!$D6:$R6)/SUMPRODUCT(('Matriz Criterios'!$H$13:$V$13="X")*ISNUMBER('Registro Notas'!$D6:$R6))) | K6: =IF(SUMPRODUCT(('Matriz Criterios'!$H$14:$V$14="X")*ISNUMBER('Registro Notas'!$D6:$R6))=0, "-", SUMPRODUCT(('Matriz Criterios'!$H$14:$V$14="X")*ISNUMBER('Registro Notas'!$D6:$R6)*'Registro Notas'!$D6:$R6)/SUMPRODUCT(('Matriz Criterios'!$H$14:$V$14="X")*ISNUMBER('Registro Notas'!$D6:$R6))) | L6: =IF(SUMPRODUCT(('Matriz Criterios'!$H$15:$V$15="X")*ISNUMBER('Registro Notas'!$D6:$R6))=0, "-", SUMPRODUCT(('Matriz Criterios'!$H$15:$V$15="X")*ISNUMBER('Registro Notas'!$D6:$R6)*'Registro Notas'!$D6:$R6)/SUMPRODUCT(('Matriz Criterios'!$H$15:$V$15="X")*ISNUMBER('Registro Notas'!$D6:$R6))) | M6: =IF(SUMPRODUCT(('Matriz Criterios'!$H$16:$V$16="X")*ISNUMBER('Registro Notas'!$D6:$R6))=0, "-", SUMPRODUCT(('Matriz Criterios'!$H$16:$V$16="X")*ISNUMBER('Registro Notas'!$D6:$R6)*'Registro Notas'!$D6:$R6)/SUMPRODUCT(('Matriz Criterios'!$H$16:$V$16="X")*ISNUMBER('Registro Notas'!$D6:$R6))) | N6: =IF(SUMPRODUCT(('Matriz Criterios'!$H$17:$V$17="X")*ISNUMBER('Registro Notas'!$D6:$R6))=0, "-", SUMPRODUCT(('Matriz Criterios'!$H$17:$V$17="X")*ISNUMBER('Registro Notas'!$D6:$R6)*'Registro Notas'!$D6:$R6)/SUMPRODUCT(('Matriz Criterios'!$H$17:$V$17="X")*ISNUMBER('Registro Notas'!$D6:$R6))) | O6: =IF(SUMPRODUCT(('Matriz Criterios'!$H$18:$V$18="X")*ISNUMBER('Registro Notas'!$D6:$R6))=0, "-", SUMPRODUCT(('Matriz Criterios'!$H$18:$V$18="X")*ISNUMBER('Registro Notas'!$D6:$R6)*'Registro Notas'!$D6:$R6)/SUMPRODUCT(('Matriz Criterios'!$H$18:$V$18="X")*ISNUMBER('Registro Notas'!$D6:$R6))) | P6: =IF(SUMPRODUCT(('Matriz Criterios'!$H$19:$V$19="X")*ISNUMBER('Registro Notas'!$D6:$R6))=0, "-", SUMPRODUCT(('Matriz Criterios'!$H$19:$V$19="X")*ISNUMBER('Registro Notas'!$D6:$R6)*'Registro Notas'!$D6:$R6)/SUMPRODUCT(('Matriz Criterios'!$H$19:$V$19="X")*ISNUMBER('Registro Notas'!$D6:$R6))) | Q6: =IF(SUMPRODUCT(('Matriz Criterios'!$H$20:$V$20="X")*ISNUMBER('Registro Notas'!$D6:$R6))=0, "-", SUMPRODUCT(('Matriz Criterios'!$H$20:$V$20="X")*ISNUMBER('Registro Notas'!$D6:$R6)*'Registro Notas'!$D6:$R6)/SUMPRODUCT(('Matriz Criterios'!$H$20:$V$20="X")*ISNUMBER('Registro Notas'!$D6:$R6))) | R6: =IF(SUMPRODUCT(('Matriz Criterios'!$H$21:$V$21="X")*ISNUMBER('Registro Notas'!$D6:$R6))=0, "-", SUMPRODUCT(('Matriz Criterios'!$H$21:$V$21="X")*ISNUMBER('Registro Notas'!$D6:$R6)*'Registro Notas'!$D6:$R6)/SUMPRODUCT(('Matriz Criterios'!$H$21:$V$21="X")*ISNUMBER('Registro Notas'!$D6:$R6))) | S6: =IF(SUMPRODUCT(('Matriz Criterios'!$H$22:$V$22="X")*ISNUMBER('Registro Notas'!$D6:$R6))=0, "-", SUMPRODUCT(('Matriz Criterios'!$H$22:$V$22="X")*ISNUMBER('Registro Notas'!$D6:$R6)*'Registro Notas'!$D6:$R6)/SUMPRODUCT(('Matriz Criterios'!$H$22:$V$22="X")*ISNUMBER('Registro Notas'!$D6:$R6))) | T6: =IF(SUMPRODUCT(('Matriz Criterios'!$H$23:$V$23="X")*ISNUMBER('Registro Notas'!$D6:$R6))=0, "-", SUMPRODUCT(('Matriz Criterios'!$H$23:$V$23="X")*ISNUMBER('Registro Notas'!$D6:$R6)*'Registro Notas'!$D6:$R6)/SUMPRODUCT(('Matriz Criterios'!$H$23:$V$23="X")*ISNUMBER('Registro Notas'!$D6:$R6))) | U6: =IF(SUMPRODUCT(('Matriz Criterios'!$H$24:$V$24="X")*ISNUMBER('Registro Notas'!$D6:$R6))=0, "-", SUMPRODUCT(('Matriz Criterios'!$H$24:$V$24="X")*ISNUMBER('Registro Notas'!$D6:$R6)*'Registro Notas'!$D6:$R6)/SUMPRODUCT(('Matriz Criterios'!$H$24:$V$24="X")*ISNUMBER('Registro Notas'!$D6:$R6))) | V6: =IF(SUMPRODUCT(('Matriz Criterios'!$H$25:$V$25="X")*ISNUMBER('Registro Notas'!$D6:$R6))=0, "-", SUMPRODUCT(('Matriz Criterios'!$H$25:$V$25="X")*ISNUMBER('Registro Notas'!$D6:$R6)*'Registro Notas'!$D6:$R6)/SUMPRODUCT(('Matriz Criterios'!$H$25:$V$25="X")*ISNUMBER('Registro Notas'!$D6:$R6))) | W6: =IF(SUMPRODUCT(('Matriz Criterios'!$H$26:$V$26="X")*ISNUMBER('Registro Notas'!$D6:$R6))=0, "-", SUMPRODUCT(('Matriz Criterios'!$H$26:$V$26="X")*ISNUMBER('Registro Notas'!$D6:$R6)*'Registro Notas'!$D6:$R6)/SUMPRODUCT(('Matriz Criterios'!$H$26:$V$26="X")*ISNUMBER('Registro Notas'!$D6:$R6))) | X6: =IF(SUMPRODUCT(('Matriz Criterios'!$H$27:$V$27="X")*ISNUMBER('Registro Notas'!$D6:$R6))=0, "-", SUMPRODUCT(('Matriz Criterios'!$H$27:$V$27="X")*ISNUMBER('Registro Notas'!$D6:$R6)*'Registro Notas'!$D6:$R6)/SUMPRODUCT(('Matriz Criterios'!$H$27:$V$27="X")*ISNUMBER('Registro Notas'!$D6:$R6))) | Y6: =IF(SUMPRODUCT(('Matriz Criterios'!$H$28:$V$28="X")*ISNUMBER('Registro Notas'!$D6:$R6))=0, "-", SUMPRODUCT(('Matriz Criterios'!$H$28:$V$28="X")*ISNUMBER('Registro Notas'!$D6:$R6)*'Registro Notas'!$D6:$R6)/SUMPRODUCT(('Matriz Criterios'!$H$28:$V$28="X")*ISNUMBER('Registro Notas'!$D6:$R6))) | Z6: =IF(SUMPRODUCT(('Matriz Criterios'!$H$29:$V$29="X")*ISNUMBER('Registro Notas'!$D6:$R6))=0, "-", SUMPRODUCT(('Matriz Criterios'!$H$29:$V$29="X")*ISNUMBER('Registro Notas'!$D6:$R6)*'Registro Notas'!$D6:$R6)/SUMPRODUCT(('Matriz Criterios'!$H$29:$V$29="X")*ISNUMBER('Registro Notas'!$D6:$R6))) | AA6: =IF(SUMPRODUCT(('Matriz Criterios'!$H$30:$V$30="X")*ISNUMBER('Registro Notas'!$D6:$R6))=0, "-", SUMPRODUCT(('Matriz Criterios'!$H$30:$V$30="X")*ISNUMBER('Registro Notas'!$D6:$R6)*'Registro Notas'!$D6:$R6)/SUMPRODUCT(('Matriz Criterios'!$H$30:$V$30="X")*ISNUMBER('Registro Notas'!$D6:$R6))) | AB6: =IF(SUMPRODUCT(('Matriz Criterios'!$H$31:$V$31="X")*ISNUMBER('Registro Notas'!$D6:$R6))=0, "-", SUMPRODUCT(('Matriz Criterios'!$H$31:$V$31="X")*ISNUMBER('Registro Notas'!$D6:$R6)*'Registro Notas'!$D6:$R6)/SUMPRODUCT(('Matriz Criterios'!$H$31:$V$31="X")*ISNUMBER('Registro Notas'!$D6:$R6))) | AC6: =IF(SUMPRODUCT(('Matriz Criterios'!$H$32:$V$32="X")*ISNUMBER('Registro Notas'!$D6:$R6))=0, "-", SUMPRODUCT(('Matriz Criterios'!$H$32:$V$32="X")*ISNUMBER('Registro Notas'!$D6:$R6)*'Registro Notas'!$D6:$R6)/SUMPRODUCT(('Matriz Criterios'!$H$32:$V$32="X")*ISNUMBER('Registro Notas'!$D6:$R6))) | AD6: =IF(SUMPRODUCT(('Matriz Criterios'!$H$33:$V$33="X")*ISNUMBER('Registro Notas'!$D6:$R6))=0, "-", SUMPRODUCT(('Matriz Criterios'!$H$33:$V$33="X")*ISNUMBER('Registro Notas'!$D6:$R6)*'Registro Notas'!$D6:$R6)/SUMPRODUCT(('Matriz Criterios'!$H$33:$V$33="X")*ISNUMBER('Registro Notas'!$D6:$R6))) | AE6: =IF(SUMPRODUCT(('Matriz Criterios'!$H$34:$V$34="X")*ISNUMBER('Registro Notas'!$D6:$R6))=0, "-", SUMPRODUCT(('Matriz Criterios'!$H$34:$V$34="X")*ISNUMBER('Registro Notas'!$D6:$R6)*'Registro Notas'!$D6:$R6)/SUMPRODUCT(('Matriz Criterios'!$H$34:$V$34="X")*ISNUMBER('Registro Notas'!$D6:$R6))) | AF6: =IF(SUMPRODUCT(('Matriz Criterios'!$H$35:$V$35="X")*ISNUMBER('Registro Notas'!$D6:$R6))=0, "-", SUMPRODUCT(('Matriz Criterios'!$H$35:$V$35="X")*ISNUMBER('Registro Notas'!$D6:$R6)*'Registro Notas'!$D6:$R6)/SUMPRODUCT(('Matriz Criterios'!$H$35:$V$35="X")*ISNUMBER('Registro Notas'!$D6:$R6))) | AG6: =IF(SUMPRODUCT(('Matriz Criterios'!$H$36:$V$36="X")*ISNUMBER('Registro Notas'!$D6:$R6))=0, "-", SUMPRODUCT(('Matriz Criterios'!$H$36:$V$36="X")*ISNUMBER('Registro Notas'!$D6:$R6)*'Registro Notas'!$D6:$R6)/SUMPRODUCT(('Matriz Criterios'!$H$36:$V$36="X")*ISNUMBER('Registro Notas'!$D6:$R6))) | AH6: =IF(SUMPRODUCT(('Matriz Criterios'!$H$37:$V$37="X")*ISNUMBER('Registro Notas'!$D6:$R6))=0, "-", SUMPRODUCT(('Matriz Criterios'!$H$37:$V$37="X")*ISNUMBER('Registro Notas'!$D6:$R6)*'Registro Notas'!$D6:$R6)/SUMPRODUCT(('Matriz Criterios'!$H$37:$V$37="X")*ISNUMBER('Registro Notas'!$D6:$R6))) | AI6: =IF(SUMPRODUCT(('Matriz Criterios'!$H$38:$V$38="X")*ISNUMBER('Registro Notas'!$D6:$R6))=0, "-", SUMPRODUCT(('Matriz Criterios'!$H$38:$V$38="X")*ISNUMBER('Registro Notas'!$D6:$R6)*'Registro Notas'!$D6:$R6)/SUMPRODUCT(('Matriz Criterios'!$H$38:$V$38="X")*ISNUMBER('Registro Notas'!$D6:$R6))) | AJ6: =IF(SUMPRODUCT(('Matriz Criterios'!$H$39:$V$39="X")*ISNUMBER('Registro Notas'!$D6:$R6))=0, "-", SUMPRODUCT(('Matriz Criterios'!$H$39:$V$39="X")*ISNUMBER('Registro Notas'!$D6:$R6)*'Registro Notas'!$D6:$R6)/SUMPRODUCT(('Matriz Criterios'!$H$39:$V$39="X")*ISNUMBER('Registro Notas'!$D6:$R6))) | AK6: =IF(SUMPRODUCT(('Matriz Criterios'!$H$40:$V$40="X")*ISNUMBER('Registro Notas'!$D6:$R6))=0, "-", SUMPRODUCT(('Matriz Criterios'!$H$40:$V$40="X")*ISNUMBER('Registro Notas'!$D6:$R6)*'Registro Notas'!$D6:$R6)/SUMPRODUCT(('Matriz Criterios'!$H$40:$V$40="X")*ISNUMBER('Registro Notas'!$D6:$R6))) | AL6: =IF(SUMPRODUCT(('Matriz Criterios'!$H$41:$V$41="X")*ISNUMBER('Registro Notas'!$D6:$R6))=0, "-", SUMPRODUCT(('Matriz Criterios'!$H$41:$V$41="X")*ISNUMBER('Registro Notas'!$D6:$R6)*'Registro Notas'!$D6:$R6)/SUMPRODUCT(('Matriz Criterios'!$H$41:$V$41="X")*ISNUMBER('Registro Notas'!$D6:$R6))) | AM6: =IF(SUMPRODUCT(('Matriz Criterios'!$H$42:$V$42="X")*ISNUMBER('Registro Notas'!$D6:$R6))=0, "-", SUMPRODUCT(('Matriz Criterios'!$H$42:$V$42="X")*ISNUMBER('Registro Notas'!$D6:$R6)*'Registro Notas'!$D6:$R6)/SUMPRODUCT(('Matriz Criterios'!$H$42:$V$42="X")*ISNUMBER('Registro Notas'!$D6:$R6))) | AN6: =IF(SUMPRODUCT(('Matriz Criterios'!$H$43:$V$43="X")*ISNUMBER('Registro Notas'!$D6:$R6))=0, "-", SUMPRODUCT(('Matriz Criterios'!$H$43:$V$43="X")*ISNUMBER('Registro Notas'!$D6:$R6)*'Registro Notas'!$D6:$R6)/SUMPRODUCT(('Matriz Criterios'!$H$43:$V$43="X")*ISNUMBER('Registro Notas'!$D6:$R6))) | AO6: =IF(SUMPRODUCT(('Matriz Criterios'!$H$44:$V$44="X")*ISNUMBER('Registro Notas'!$D6:$R6))=0, "-", SUMPRODUCT(('Matriz Criterios'!$H$44:$V$44="X")*ISNUMBER('Registro Notas'!$D6:$R6)*'Registro Notas'!$D6:$R6)/SUMPRODUCT(('Matriz Criterios'!$H$44:$V$44="X")*ISNUMBER('Registro Notas'!$D6:$R6))) | AP6: =IF(SUMPRODUCT(('Matriz Criterios'!$H$45:$V$45="X")*ISNUMBER('Registro Notas'!$D6:$R6))=0, "-", SUMPRODUCT(('Matriz Criterios'!$H$45:$V$45="X")*ISNUMBER('Registro Notas'!$D6:$R6)*'Registro Notas'!$D6:$R6)/SUMPRODUCT(('Matriz Criterios'!$H$45:$V$45="X")*ISNUMBER('Registro Notas'!$D6:$R6))) | AQ6: =AVERAGE(C6:AP6) | AR6: =COUNTIF(C6:AP6, ">=5")
A7: 2 | B7: Benítez Romero, Carlos | C7: =IF(SUMPRODUCT(('Matriz Criterios'!$H$6:$V$6="X")*ISNUMBER('Registro Notas'!$D7:$R7))=0, "-", SUMPRODUCT(('Matriz Criterios'!$H$6:$V$6="X")*ISNUMBER('Registro Notas'!$D7:$R7)*'Registro Notas'!$D7:$R7)/SUMPRODUCT(('Matriz Criterios'!$H$6:$V$6="X")*ISNUMBER('Registro Notas'!$D7:$R7))) | D7: =IF(SUMPRODUCT(('Matriz Criterios'!$H$7:$V$7="X")*ISNUMBER('Registro Notas'!$D7:$R7))=0, "-", SUMPRODUCT(('Matriz Criterios'!$H$7:$V$7="X")*ISNUMBER('Registro Notas'!$D7:$R7)*'Registro Notas'!$D7:$R7)/SUMPRODUCT(('Matriz Criterios'!$H$7:$V$7="X")*ISNUMBER('Registro Notas'!$D7:$R7))) | E7: =IF(SUMPRODUCT(('Matriz Criterios'!$H$8:$V$8="X")*ISNUMBER('Registro Notas'!$D7:$R7))=0, "-", SUMPRODUCT(('Matriz Criterios'!$H$8:$V$8="X")*ISNUMBER('Registro Notas'!$D7:$R7)*'Registro Notas'!$D7:$R7)/SUMPRODUCT(('Matriz Criterios'!$H$8:$V$8="X")*ISNUMBER('Registro Notas'!$D7:$R7))) | F7: =IF(SUMPRODUCT(('Matriz Criterios'!$H$9:$V$9="X")*ISNUMBER('Registro Notas'!$D7:$R7))=0, "-", SUMPRODUCT(('Matriz Criterios'!$H$9:$V$9="X")*ISNUMBER('Registro Notas'!$D7:$R7)*'Registro Notas'!$D7:$R7)/SUMPRODUCT(('Matriz Criterios'!$H$9:$V$9="X")*ISNUMBER('Registro Notas'!$D7:$R7))) | G7: =IF(SUMPRODUCT(('Matriz Criterios'!$H$10:$V$10="X")*ISNUMBER('Registro Notas'!$D7:$R7))=0, "-", SUMPRODUCT(('Matriz Criterios'!$H$10:$V$10="X")*ISNUMBER('Registro Notas'!$D7:$R7)*'Registro Notas'!$D7:$R7)/SUMPRODUCT(('Matriz Criterios'!$H$10:$V$10="X")*ISNUMBER('Registro Notas'!$D7:$R7))) | H7: =IF(SUMPRODUCT(('Matriz Criterios'!$H$11:$V$11="X")*ISNUMBER('Registro Notas'!$D7:$R7))=0, "-", SUMPRODUCT(('Matriz Criterios'!$H$11:$V$11="X")*ISNUMBER('Registro Notas'!$D7:$R7)*'Registro Notas'!$D7:$R7)/SUMPRODUCT(('Matriz Criterios'!$H$11:$V$11="X")*ISNUMBER('Registro Notas'!$D7:$R7))) | I7: =IF(SUMPRODUCT(('Matriz Criterios'!$H$12:$V$12="X")*ISNUMBER('Registro Notas'!$D7:$R7))=0, "-", SUMPRODUCT(('Matriz Criterios'!$H$12:$V$12="X")*ISNUMBER('Registro Notas'!$D7:$R7)*'Registro Notas'!$D7:$R7)/SUMPRODUCT(('Matriz Criterios'!$H$12:$V$12="X")*ISNUMBER('Registro Notas'!$D7:$R7))) | J7: =IF(SUMPRODUCT(('Matriz Criterios'!$H$13:$V$13="X")*ISNUMBER('Registro Notas'!$D7:$R7))=0, "-", SUMPRODUCT(('Matriz Criterios'!$H$13:$V$13="X")*ISNUMBER('Registro Notas'!$D7:$R7)*'Registro Notas'!$D7:$R7)/SUMPRODUCT(('Matriz Criterios'!$H$13:$V$13="X")*ISNUMBER('Registro Notas'!$D7:$R7))) | K7: =IF(SUMPRODUCT(('Matriz Criterios'!$H$14:$V$14="X")*ISNUMBER('Registro Notas'!$D7:$R7))=0, "-", SUMPRODUCT(('Matriz Criterios'!$H$14:$V$14="X")*ISNUMBER('Registro Notas'!$D7:$R7)*'Registro Notas'!$D7:$R7)/SUMPRODUCT(('Matriz Criterios'!$H$14:$V$14="X")*ISNUMBER('Registro Notas'!$D7:$R7))) | L7: =IF(SUMPRODUCT(('Matriz Criterios'!$H$15:$V$15="X")*ISNUMBER('Registro Notas'!$D7:$R7))=0, "-", SUMPRODUCT(('Matriz Criterios'!$H$15:$V$15="X")*ISNUMBER('Registro Notas'!$D7:$R7)*'Registro Notas'!$D7:$R7)/SUMPRODUCT(('Matriz Criterios'!$H$15:$V$15="X")*ISNUMBER('Registro Notas'!$D7:$R7))) | M7: =IF(SUMPRODUCT(('Matriz Criterios'!$H$16:$V$16="X")*ISNUMBER('Registro Notas'!$D7:$R7))=0, "-", SUMPRODUCT(('Matriz Criterios'!$H$16:$V$16="X")*ISNUMBER('Registro Notas'!$D7:$R7)*'Registro Notas'!$D7:$R7)/SUMPRODUCT(('Matriz Criterios'!$H$16:$V$16="X")*ISNUMBER('Registro Notas'!$D7:$R7))) | N7: =IF(SUMPRODUCT(('Matriz Criterios'!$H$17:$V$17="X")*ISNUMBER('Registro Notas'!$D7:$R7))=0, "-", SUMPRODUCT(('Matriz Criterios'!$H$17:$V$17="X")*ISNUMBER('Registro Notas'!$D7:$R7)*'Registro Notas'!$D7:$R7)/SUMPRODUCT(('Matriz Criterios'!$H$17:$V$17="X")*ISNUMBER('Registro Notas'!$D7:$R7))) | O7: =IF(SUMPRODUCT(('Matriz Criterios'!$H$18:$V$18="X")*ISNUMBER('Registro Notas'!$D7:$R7))=0, "-", SUMPRODUCT(('Matriz Criterios'!$H$18:$V$18="X")*ISNUMBER('Registro Notas'!$D7:$R7)*'Registro Notas'!$D7:$R7)/SUMPRODUCT(('Matriz Criterios'!$H$18:$V$18="X")*ISNUMBER('Registro Notas'!$D7:$R7))) | P7: =IF(SUMPRODUCT(('Matriz Criterios'!$H$19:$V$19="X")*ISNUMBER('Registro Notas'!$D7:$R7))=0, "-", SUMPRODUCT(('Matriz Criterios'!$H$19:$V$19="X")*ISNUMBER('Registro Notas'!$D7:$R7)*'Registro Notas'!$D7:$R7)/SUMPRODUCT(('Matriz Criterios'!$H$19:$V$19="X")*ISNUMBER('Registro Notas'!$D7:$R7))) | Q7: =IF(SUMPRODUCT(('Matriz Criterios'!$H$20:$V$20="X")*ISNUMBER('Registro Notas'!$D7:$R7))=0, "-", SUMPRODUCT(('Matriz Criterios'!$H$20:$V$20="X")*ISNUMBER('Registro Notas'!$D7:$R7)*'Registro Notas'!$D7:$R7)/SUMPRODUCT(('Matriz Criterios'!$H$20:$V$20="X")*ISNUMBER('Registro Notas'!$D7:$R7))) | R7: =IF(SUMPRODUCT(('Matriz Criterios'!$H$21:$V$21="X")*ISNUMBER('Registro Notas'!$D7:$R7))=0, "-", SUMPRODUCT(('Matriz Criterios'!$H$21:$V$21="X")*ISNUMBER('Registro Notas'!$D7:$R7)*'Registro Notas'!$D7:$R7)/SUMPRODUCT(('Matriz Criterios'!$H$21:$V$21="X")*ISNUMBER('Registro Notas'!$D7:$R7))) | S7: =IF(SUMPRODUCT(('Matriz Criterios'!$H$22:$V$22="X")*ISNUMBER('Registro Notas'!$D7:$R7))=0, "-", SUMPRODUCT(('Matriz Criterios'!$H$22:$V$22="X")*ISNUMBER('Registro Notas'!$D7:$R7)*'Registro Notas'!$D7:$R7)/SUMPRODUCT(('Matriz Criterios'!$H$22:$V$22="X")*ISNUMBER('Registro Notas'!$D7:$R7))) | T7: =IF(SUMPRODUCT(('Matriz Criterios'!$H$23:$V$23="X")*ISNUMBER('Registro Notas'!$D7:$R7))=0, "-", SUMPRODUCT(('Matriz Criterios'!$H$23:$V$23="X")*ISNUMBER('Registro Notas'!$D7:$R7)*'Registro Notas'!$D7:$R7)/SUMPRODUCT(('Matriz Criterios'!$H$23:$V$23="X")*ISNUMBER('Registro Notas'!$D7:$R7))) | U7: =IF(SUMPRODUCT(('Matriz Criterios'!$H$24:$V$24="X")*ISNUMBER('Registro Notas'!$D7:$R7))=0, "-", SUMPRODUCT(('Matriz Criterios'!$H$24:$V$24="X")*ISNUMBER('Registro Notas'!$D7:$R7)*'Registro Notas'!$D7:$R7)/SUMPRODUCT(('Matriz Criterios'!$H$24:$V$24="X")*ISNUMBER('Registro Notas'!$D7:$R7))) | V7: =IF(SUMPRODUCT(('Matriz Criterios'!$H$25:$V$25="X")*ISNUMBER('Registro Notas'!$D7:$R7))=0, "-", SUMPRODUCT(('Matriz Criterios'!$H$25:$V$25="X")*ISNUMBER('Registro Notas'!$D7:$R7)*'Registro Notas'!$D7:$R7)/SUMPRODUCT(('Matriz Criterios'!$H$25:$V$25="X")*ISNUMBER('Registro Notas'!$D7:$R7))) | W7: =IF(SUMPRODUCT(('Matriz Criterios'!$H$26:$V$26="X")*ISNUMBER('Registro Notas'!$D7:$R7))=0, "-", SUMPRODUCT(('Matriz Criterios'!$H$26:$V$26="X")*ISNUMBER('Registro Notas'!$D7:$R7)*'Registro Notas'!$D7:$R7)/SUMPRODUCT(('Matriz Criterios'!$H$26:$V$26="X")*ISNUMBER('Registro Notas'!$D7:$R7))) | X7: =IF(SUMPRODUCT(('Matriz Criterios'!$H$27:$V$27="X")*ISNUMBER('Registro Notas'!$D7:$R7))=0, "-", SUMPRODUCT(('Matriz Criterios'!$H$27:$V$27="X")*ISNUMBER('Registro Notas'!$D7:$R7)*'Registro Notas'!$D7:$R7)/SUMPRODUCT(('Matriz Criterios'!$H$27:$V$27="X")*ISNUMBER('Registro Notas'!$D7:$R7))) | Y7: =IF(SUMPRODUCT(('Matriz Criterios'!$H$28:$V$28="X")*ISNUMBER('Registro Notas'!$D7:$R7))=0, "-", SUMPRODUCT(('Matriz Criterios'!$H$28:$V$28="X")*ISNUMBER('Registro Notas'!$D7:$R7)*'Registro Notas'!$D7:$R7)/SUMPRODUCT(('Matriz Criterios'!$H$28:$V$28="X")*ISNUMBER('Registro Notas'!$D7:$R7))) | Z7: =IF(SUMPRODUCT(('Matriz Criterios'!$H$29:$V$29="X")*ISNUMBER('Registro Notas'!$D7:$R7))=0, "-", SUMPRODUCT(('Matriz Criterios'!$H$29:$V$29="X")*ISNUMBER('Registro Notas'!$D7:$R7)*'Registro Notas'!$D7:$R7)/SUMPRODUCT(('Matriz Criterios'!$H$29:$V$29="X")*ISNUMBER('Registro Notas'!$D7:$R7))) | AA7: =IF(SUMPRODUCT(('Matriz Criterios'!$H$30:$V$30="X")*ISNUMBER('Registro Notas'!$D7:$R7))=0, "-", SUMPRODUCT(('Matriz Criterios'!$H$30:$V$30="X")*ISNUMBER('Registro Notas'!$D7:$R7)*'Registro Notas'!$D7:$R7)/SUMPRODUCT(('Matriz Criterios'!$H$30:$V$30="X")*ISNUMBER('Registro Notas'!$D7:$R7))) | AB7: =IF(SUMPRODUCT(('Matriz Criterios'!$H$31:$V$31="X")*ISNUMBER('Registro Notas'!$D7:$R7))=0, "-", SUMPRODUCT(('Matriz Criterios'!$H$31:$V$31="X")*ISNUMBER('Registro Notas'!$D7:$R7)*'Registro Notas'!$D7:$R7)/SUMPRODUCT(('Matriz Criterios'!$H$31:$V$31="X")*ISNUMBER('Registro Notas'!$D7:$R7))) | AC7: =IF(SUMPRODUCT(('Matriz Criterios'!$H$32:$V$32="X")*ISNUMBER('Registro Notas'!$D7:$R7))=0, "-", SUMPRODUCT(('Matriz Criterios'!$H$32:$V$32="X")*ISNUMBER('Registro Notas'!$D7:$R7)*'Registro Notas'!$D7:$R7)/SUMPRODUCT(('Matriz Criterios'!$H$32:$V$32="X")*ISNUMBER('Registro Notas'!$D7:$R7))) | AD7: =IF(SUMPRODUCT(('Matriz Criterios'!$H$33:$V$33="X")*ISNUMBER('Registro Notas'!$D7:$R7))=0, "-", SUMPRODUCT(('Matriz Criterios'!$H$33:$V$33="X")*ISNUMBER('Registro Notas'!$D7:$R7)*'Registro Notas'!$D7:$R7)/SUMPRODUCT(('Matriz Criterios'!$H$33:$V$33="X")*ISNUMBER('Registro Notas'!$D7:$R7))) | AE7: =IF(SUMPRODUCT(('Matriz Criterios'!$H$34:$V$34="X")*ISNUMBER('Registro Notas'!$D7:$R7))=0, "-", SUMPRODUCT(('Matriz Criterios'!$H$34:$V$34="X")*ISNUMBER('Registro Notas'!$D7:$R7)*'Registro Notas'!$D7:$R7)/SUMPRODUCT(('Matriz Criterios'!$H$34:$V$34="X")*ISNUMBER('Registro Notas'!$D7:$R7))) | AF7: =IF(SUMPRODUCT(('Matriz Criterios'!$H$35:$V$35="X")*ISNUMBER('Registro Notas'!$D7:$R7))=0, "-", SUMPRODUCT(('Matriz Criterios'!$H$35:$V$35="X")*ISNUMBER('Registro Notas'!$D7:$R7)*'Registro Notas'!$D7:$R7)/SUMPRODUCT(('Matriz Criterios'!$H$35:$V$35="X")*ISNUMBER('Registro Notas'!$D7:$R7))) | AG7: =IF(SUMPRODUCT(('Matriz Criterios'!$H$36:$V$36="X")*ISNUMBER('Registro Notas'!$D7:$R7))=0, "-", SUMPRODUCT(('Matriz Criterios'!$H$36:$V$36="X")*ISNUMBER('Registro Notas'!$D7:$R7)*'Registro Notas'!$D7:$R7)/SUMPRODUCT(('Matriz Criterios'!$H$36:$V$36="X")*ISNUMBER('Registro Notas'!$D7:$R7))) | AH7: =IF(SUMPRODUCT(('Matriz Criterios'!$H$37:$V$37="X")*ISNUMBER('Registro Notas'!$D7:$R7))=0, "-", SUMPRODUCT(('Matriz Criterios'!$H$37:$V$37="X")*ISNUMBER('Registro Notas'!$D7:$R7)*'Registro Notas'!$D7:$R7)/SUMPRODUCT(('Matriz Criterios'!$H$37:$V$37="X")*ISNUMBER('Registro Notas'!$D7:$R7))) | AI7: =IF(SUMPRODUCT(('Matriz Criterios'!$H$38:$V$38="X")*ISNUMBER('Registro Notas'!$D7:$R7))=0, "-", SUMPRODUCT(('Matriz Criterios'!$H$38:$V$38="X")*ISNUMBER('Registro Notas'!$D7:$R7)*'Registro Notas'!$D7:$R7)/SUMPRODUCT(('Matriz Criterios'!$H$38:$V$38="X")*ISNUMBER('Registro Notas'!$D7:$R7))) | AJ7: =IF(SUMPRODUCT(('Matriz Criterios'!$H$39:$V$39="X")*ISNUMBER('Registro Notas'!$D7:$R7))=0, "-", SUMPRODUCT(('Matriz Criterios'!$H$39:$V$39="X")*ISNUMBER('Registro Notas'!$D7:$R7)*'Registro Notas'!$D7:$R7)/SUMPRODUCT(('Matriz Criterios'!$H$39:$V$39="X")*ISNUMBER('Registro Notas'!$D7:$R7))) | AK7: =IF(SUMPRODUCT(('Matriz Criterios'!$H$40:$V$40="X")*ISNUMBER('Registro Notas'!$D7:$R7))=0, "-", SUMPRODUCT(('Matriz Criterios'!$H$40:$V$40="X")*ISNUMBER('Registro Notas'!$D7:$R7)*'Registro Notas'!$D7:$R7)/SUMPRODUCT(('Matriz Criterios'!$H$40:$V$40="X")*ISNUMBER('Registro Notas'!$D7:$R7))) | AL7: =IF(SUMPRODUCT(('Matriz Criterios'!$H$41:$V$41="X")*ISNUMBER('Registro Notas'!$D7:$R7))=0, "-", SUMPRODUCT(('Matriz Criterios'!$H$41:$V$41="X")*ISNUMBER('Registro Notas'!$D7:$R7)*'Registro Notas'!$D7:$R7)/SUMPRODUCT(('Matriz Criterios'!$H$41:$V$41="X")*ISNUMBER('Registro Notas'!$D7:$R7))) | AM7: =IF(SUMPRODUCT(('Matriz Criterios'!$H$42:$V$42="X")*ISNUMBER('Registro Notas'!$D7:$R7))=0, "-", SUMPRODUCT(('Matriz Criterios'!$H$42:$V$42="X")*ISNUMBER('Registro Notas'!$D7:$R7)*'Registro Notas'!$D7:$R7)/SUMPRODUCT(('Matriz Criterios'!$H$42:$V$42="X")*ISNUMBER('Registro Notas'!$D7:$R7))) | AN7: =IF(SUMPRODUCT(('Matriz Criterios'!$H$43:$V$43="X")*ISNUMBER('Registro Notas'!$D7:$R7))=0, "-", SUMPRODUCT(('Matriz Criterios'!$H$43:$V$43="X")*ISNUMBER('Registro Notas'!$D7:$R7)*'Registro Notas'!$D7:$R7)/SUMPRODUCT(('Matriz Criterios'!$H$43:$V$43="X")*ISNUMBER('Registro Notas'!$D7:$R7))) | AO7: =IF(SUMPRODUCT(('Matriz Criterios'!$H$44:$V$44="X")*ISNUMBER('Registro Notas'!$D7:$R7))=0, "-", SUMPRODUCT(('Matriz Criterios'!$H$44:$V$44="X")*ISNUMBER('Registro Notas'!$D7:$R7)*'Registro Notas'!$D7:$R7)/SUMPRODUCT(('Matriz Criterios'!$H$44:$V$44="X")*ISNUMBER('Registro Notas'!$D7:$R7))) | AP7: =IF(SUMPRODUCT(('Matriz Criterios'!$H$45:$V$45="X")*ISNUMBER('Registro Notas'!$D7:$R7))=0, "-", SUMPRODUCT(('Matriz Criterios'!$H$45:$V$45="X")*ISNUMBER('Registro Notas'!$D7:$R7)*'Registro Notas'!$D7:$R7)/SUMPRODUCT(('Matriz Criterios'!$H$45:$V$45="X")*ISNUMBER('Registro Notas'!$D7:$R7))) | AQ7: =AVERAGE(C7:AP7) | AR7: =COUNTIF(C7:AP7, ">=5")
A8: 3 | B8: Castillo Morales, Elena | C8: =IF(SUMPRODUCT(('Matriz Criterios'!$H$6:$V$6="X")*ISNUMBER('Registro Notas'!$D8:$R8))=0, "-", SUMPRODUCT(('Matriz Criterios'!$H$6:$V$6="X")*ISNUMBER('Registro Notas'!$D8:$R8)*'Registro Notas'!$D8:$R8)/SUMPRODUCT(('Matriz Criterios'!$H$6:$V$6="X")*ISNUMBER('Registro Notas'!$D8:$R8))) | D8: =IF(SUMPRODUCT(('Matriz Criterios'!$H$7:$V$7="X")*ISNUMBER('Registro Notas'!$D8:$R8))=0, "-", SUMPRODUCT(('Matriz Criterios'!$H$7:$V$7="X")*ISNUMBER('Registro Notas'!$D8:$R8)*'Registro Notas'!$D8:$R8)/SUMPRODUCT(('Matriz Criterios'!$H$7:$V$7="X")*ISNUMBER('Registro Notas'!$D8:$R8))) | E8: =IF(SUMPRODUCT(('Matriz Criterios'!$H$8:$V$8="X")*ISNUMBER('Registro Notas'!$D8:$R8))=0, "-", SUMPRODUCT(('Matriz Criterios'!$H$8:$V$8="X")*ISNUMBER('Registro Notas'!$D8:$R8)*'Registro Notas'!$D8:$R8)/SUMPRODUCT(('Matriz Criterios'!$H$8:$V$8="X")*ISNUMBER('Registro Notas'!$D8:$R8))) | F8: =IF(SUMPRODUCT(('Matriz Criterios'!$H$9:$V$9="X")*ISNUMBER('Registro Notas'!$D8:$R8))=0, "-", SUMPRODUCT(('Matriz Criterios'!$H$9:$V$9="X")*ISNUMBER('Registro Notas'!$D8:$R8)*'Registro Notas'!$D8:$R8)/SUMPRODUCT(('Matriz Criterios'!$H$9:$V$9="X")*ISNUMBER('Registro Notas'!$D8:$R8))) | G8: =IF(SUMPRODUCT(('Matriz Criterios'!$H$10:$V$10="X")*ISNUMBER('Registro Notas'!$D8:$R8))=0, "-", SUMPRODUCT(('Matriz Criterios'!$H$10:$V$10="X")*ISNUMBER('Registro Notas'!$D8:$R8)*'Registro Notas'!$D8:$R8)/SUMPRODUCT(('Matriz Criterios'!$H$10:$V$10="X")*ISNUMBER('Registro Notas'!$D8:$R8))) | H8: =IF(SUMPRODUCT(('Matriz Criterios'!$H$11:$V$11="X")*ISNUMBER('Registro Notas'!$D8:$R8))=0, "-", SUMPRODUCT(('Matriz Criterios'!$H$11:$V$11="X")*ISNUMBER('Registro Notas'!$D8:$R8)*'Registro Notas'!$D8:$R8)/SUMPRODUCT(('Matriz Criterios'!$H$11:$V$11="X")*ISNUMBER('Registro Notas'!$D8:$R8))) | I8: =IF(SUMPRODUCT(('Matriz Criterios'!$H$12:$V$12="X")*ISNUMBER('Registro Notas'!$D8:$R8))=0, "-", SUMPRODUCT(('Matriz Criterios'!$H$12:$V$12="X")*ISNUMBER('Registro Notas'!$D8:$R8)*'Registro Notas'!$D8:$R8)/SUMPRODUCT(('Matriz Criterios'!$H$12:$V$12="X")*ISNUMBER('Registro Notas'!$D8:$R8))) | J8: =IF(SUMPRODUCT(('Matriz Criterios'!$H$13:$V$13="X")*ISNUMBER('Registro Notas'!$D8:$R8))=0, "-", SUMPRODUCT(('Matriz Criterios'!$H$13:$V$13="X")*ISNUMBER('Registro Notas'!$D8:$R8)*'Registro Notas'!$D8:$R8)/SUMPRODUCT(('Matriz Criterios'!$H$13:$V$13="X")*ISNUMBER('Registro Notas'!$D8:$R8))) | K8: =IF(SUMPRODUCT(('Matriz Criterios'!$H$14:$V$14="X")*ISNUMBER('Registro Notas'!$D8:$R8))=0, "-", SUMPRODUCT(('Matriz Criterios'!$H$14:$V$14="X")*ISNUMBER('Registro Notas'!$D8:$R8)*'Registro Notas'!$D8:$R8)/SUMPRODUCT(('Matriz Criterios'!$H$14:$V$14="X")*ISNUMBER('Registro Notas'!$D8:$R8))) | L8: =IF(SUMPRODUCT(('Matriz Criterios'!$H$15:$V$15="X")*ISNUMBER('Registro Notas'!$D8:$R8))=0, "-", SUMPRODUCT(('Matriz Criterios'!$H$15:$V$15="X")*ISNUMBER('Registro Notas'!$D8:$R8)*'Registro Notas'!$D8:$R8)/SUMPRODUCT(('Matriz Criterios'!$H$15:$V$15="X")*ISNUMBER('Registro Notas'!$D8:$R8))) | M8: =IF(SUMPRODUCT(('Matriz Criterios'!$H$16:$V$16="X")*ISNUMBER('Registro Notas'!$D8:$R8))=0, "-", SUMPRODUCT(('Matriz Criterios'!$H$16:$V$16="X")*ISNUMBER('Registro Notas'!$D8:$R8)*'Registro Notas'!$D8:$R8)/SUMPRODUCT(('Matriz Criterios'!$H$16:$V$16="X")*ISNUMBER('Registro Notas'!$D8:$R8))) | N8: =IF(SUMPRODUCT(('Matriz Criterios'!$H$17:$V$17="X")*ISNUMBER('Registro Notas'!$D8:$R8))=0, "-", SUMPRODUCT(('Matriz Criterios'!$H$17:$V$17="X")*ISNUMBER('Registro Notas'!$D8:$R8)*'Registro Notas'!$D8:$R8)/SUMPRODUCT(('Matriz Criterios'!$H$17:$V$17="X")*ISNUMBER('Registro Notas'!$D8:$R8))) | O8: =IF(SUMPRODUCT(('Matriz Criterios'!$H$18:$V$18="X")*ISNUMBER('Registro Notas'!$D8:$R8))=0, "-", SUMPRODUCT(('Matriz Criterios'!$H$18:$V$18="X")*ISNUMBER('Registro Notas'!$D8:$R8)*'Registro Notas'!$D8:$R8)/SUMPRODUCT(('Matriz Criterios'!$H$18:$V$18="X")*ISNUMBER('Registro Notas'!$D8:$R8))) | P8: =IF(SUMPRODUCT(('Matriz Criterios'!$H$19:$V$19="X")*ISNUMBER('Registro Notas'!$D8:$R8))=0, "-", SUMPRODUCT(('Matriz Criterios'!$H$19:$V$19="X")*ISNUMBER('Registro Notas'!$D8:$R8)*'Registro Notas'!$D8:$R8)/SUMPRODUCT(('Matriz Criterios'!$H$19:$V$19="X")*ISNUMBER('Registro Notas'!$D8:$R8))) | Q8: =IF(SUMPRODUCT(('Matriz Criterios'!$H$20:$V$20="X")*ISNUMBER('Registro Notas'!$D8:$R8))=0, "-", SUMPRODUCT(('Matriz Criterios'!$H$20:$V$20="X")*ISNUMBER('Registro Notas'!$D8:$R8)*'Registro Notas'!$D8:$R8)/SUMPRODUCT(('Matriz Criterios'!$H$20:$V$20="X")*ISNUMBER('Registro Notas'!$D8:$R8))) | R8: =IF(SUMPRODUCT(('Matriz Criterios'!$H$21:$V$21="X")*ISNUMBER('Registro Notas'!$D8:$R8))=0, "-", SUMPRODUCT(('Matriz Criterios'!$H$21:$V$21="X")*ISNUMBER('Registro Notas'!$D8:$R8)*'Registro Notas'!$D8:$R8)/SUMPRODUCT(('Matriz Criterios'!$H$21:$V$21="X")*ISNUMBER('Registro Notas'!$D8:$R8))) | S8: =IF(SUMPRODUCT(('Matriz Criterios'!$H$22:$V$22="X")*ISNUMBER('Registro Notas'!$D8:$R8))=0, "-", SUMPRODUCT(('Matriz Criterios'!$H$22:$V$22="X")*ISNUMBER('Registro Notas'!$D8:$R8)*'Registro Notas'!$D8:$R8)/SUMPRODUCT(('Matriz Criterios'!$H$22:$V$22="X")*ISNUMBER('Registro Notas'!$D8:$R8))) | T8: =IF(SUMPRODUCT(('Matriz Criterios'!$H$23:$V$23="X")*ISNUMBER('Registro Notas'!$D8:$R8))=0, "-", SUMPRODUCT(('Matriz Criterios'!$H$23:$V$23="X")*ISNUMBER('Registro Notas'!$D8:$R8)*'Registro Notas'!$D8:$R8)/SUMPRODUCT(('Matriz Criterios'!$H$23:$V$23="X")*ISNUMBER('Registro Notas'!$D8:$R8))) | U8: =IF(SUMPRODUCT(('Matriz Criterios'!$H$24:$V$24="X")*ISNUMBER('Registro Notas'!$D8:$R8))=0, "-", SUMPRODUCT(('Matriz Criterios'!$H$24:$V$24="X")*ISNUMBER('Registro Notas'!$D8:$R8)*'Registro Notas'!$D8:$R8)/SUMPRODUCT(('Matriz Criterios'!$H$24:$V$24="X")*ISNUMBER('Registro Notas'!$D8:$R8))) | V8: =IF(SUMPRODUCT(('Matriz Criterios'!$H$25:$V$25="X")*ISNUMBER('Registro Notas'!$D8:$R8))=0, "-", SUMPRODUCT(('Matriz Criterios'!$H$25:$V$25="X")*ISNUMBER('Registro Notas'!$D8:$R8)*'Registro Notas'!$D8:$R8)/SUMPRODUCT(('Matriz Criterios'!$H$25:$V$25="X")*ISNUMBER('Registro Notas'!$D8:$R8))) | W8: =IF(SUMPRODUCT(('Matriz Criterios'!$H$26:$V$26="X")*ISNUMBER('Registro Notas'!$D8:$R8))=0, "-", SUMPRODUCT(('Matriz Criterios'!$H$26:$V$26="X")*ISNUMBER('Registro Notas'!$D8:$R8)*'Registro Notas'!$D8:$R8)/SUMPRODUCT(('Matriz Criterios'!$H$26:$V$26="X")*ISNUMBER('Registro Notas'!$D8:$R8))) | X8: =IF(SUMPRODUCT(('Matriz Criterios'!$H$27:$V$27="X")*ISNUMBER('Registro Notas'!$D8:$R8))=0, "-", SUMPRODUCT(('Matriz Criterios'!$H$27:$V$27="X")*ISNUMBER('Registro Notas'!$D8:$R8)*'Registro Notas'!$D8:$R8)/SUMPRODUCT(('Matriz Criterios'!$H$27:$V$27="X")*ISNUMBER('Registro Notas'!$D8:$R8))) | Y8: =IF(SUMPRODUCT(('Matriz Criterios'!$H$28:$V$28="X")*ISNUMBER('Registro Notas'!$D8:$R8))=0, "-", SUMPRODUCT(('Matriz Criterios'!$H$28:$V$28="X")*ISNUMBER('Registro Notas'!$D8:$R8)*'Registro Notas'!$D8:$R8)/SUMPRODUCT(('Matriz Criterios'!$H$28:$V$28="X")*ISNUMBER('Registro Notas'!$D8:$R8))) | Z8: =IF(SUMPRODUCT(('Matriz Criterios'!$H$29:$V$29="X")*ISNUMBER('Registro Notas'!$D8:$R8))=0, "-", SUMPRODUCT(('Matriz Criterios'!$H$29:$V$29="X")*ISNUMBER('Registro Notas'!$D8:$R8)*'Registro Notas'!$D8:$R8)/SUMPRODUCT(('Matriz Criterios'!$H$29:$V$29="X")*ISNUMBER('Registro Notas'!$D8:$R8))) | AA8: =IF(SUMPRODUCT(('Matriz Criterios'!$H$30:$V$30="X")*ISNUMBER('Registro Notas'!$D8:$R8))=0, "-", SUMPRODUCT(('Matriz Criterios'!$H$30:$V$30="X")*ISNUMBER('Registro Notas'!$D8:$R8)*'Registro Notas'!$D8:$R8)/SUMPRODUCT(('Matriz Criterios'!$H$30:$V$30="X")*ISNUMBER('Registro Notas'!$D8:$R8))) | AB8: =IF(SUMPRODUCT(('Matriz Criterios'!$H$31:$V$31="X")*ISNUMBER('Registro Notas'!$D8:$R8))=0, "-", SUMPRODUCT(('Matriz Criterios'!$H$31:$V$31="X")*ISNUMBER('Registro Notas'!$D8:$R8)*'Registro Notas'!$D8:$R8)/SUMPRODUCT(('Matriz Criterios'!$H$31:$V$31="X")*ISNUMBER('Registro Notas'!$D8:$R8))) | AC8: =IF(SUMPRODUCT(('Matriz Criterios'!$H$32:$V$32="X")*ISNUMBER('Registro Notas'!$D8:$R8))=0, "-", SUMPRODUCT(('Matriz Criterios'!$H$32:$V$32="X")*ISNUMBER('Registro Notas'!$D8:$R8)*'Registro Notas'!$D8:$R8)/SUMPRODUCT(('Matriz Criterios'!$H$32:$V$32="X")*ISNUMBER('Registro Notas'!$D8:$R8))) | AD8: =IF(SUMPRODUCT(('Matriz Criterios'!$H$33:$V$33="X")*ISNUMBER('Registro Notas'!$D8:$R8))=0, "-", SUMPRODUCT(('Matriz Criterios'!$H$33:$V$33="X")*ISNUMBER('Registro Notas'!$D8:$R8)*'Registro Notas'!$D8:$R8)/SUMPRODUCT(('Matriz Criterios'!$H$33:$V$33="X")*ISNUMBER('Registro Notas'!$D8:$R8))) | AE8: =IF(SUMPRODUCT(('Matriz Criterios'!$H$34:$V$34="X")*ISNUMBER('Registro Notas'!$D8:$R8))=0, "-", SUMPRODUCT(('Matriz Criterios'!$H$34:$V$34="X")*ISNUMBER('Registro Notas'!$D8:$R8)*'Registro Notas'!$D8:$R8)/SUMPRODUCT(('Matriz Criterios'!$H$34:$V$34="X")*ISNUMBER('Registro Notas'!$D8:$R8))) | AF8: =IF(SUMPRODUCT(('Matriz Criterios'!$H$35:$V$35="X")*ISNUMBER('Registro Notas'!$D8:$R8))=0, "-", SUMPRODUCT(('Matriz Criterios'!$H$35:$V$35="X")*ISNUMBER('Registro Notas'!$D8:$R8)*'Registro Notas'!$D8:$R8)/SUMPRODUCT(('Matriz Criterios'!$H$35:$V$35="X")*ISNUMBER('Registro Notas'!$D8:$R8))) | AG8: =IF(SUMPRODUCT(('Matriz Criterios'!$H$36:$V$36="X")*ISNUMBER('Registro Notas'!$D8:$R8))=0, "-", SUMPRODUCT(('Matriz Criterios'!$H$36:$V$36="X")*ISNUMBER('Registro Notas'!$D8:$R8)*'Registro Notas'!$D8:$R8)/SUMPRODUCT(('Matriz Criterios'!$H$36:$V$36="X")*ISNUMBER('Registro Notas'!$D8:$R8))) | AH8: =IF(SUMPRODUCT(('Matriz Criterios'!$H$37:$V$37="X")*ISNUMBER('Registro Notas'!$D8:$R8))=0, "-", SUMPRODUCT(('Matriz Criterios'!$H$37:$V$37="X")*ISNUMBER('Registro Notas'!$D8:$R8)*'Registro Notas'!$D8:$R8)/SUMPRODUCT(('Matriz Criterios'!$H$37:$V$37="X")*ISNUMBER('Registro Notas'!$D8:$R8))) | AI8: =IF(SUMPRODUCT(('Matriz Criterios'!$H$38:$V$38="X")*ISNUMBER('Registro Notas'!$D8:$R8))=0, "-", SUMPRODUCT(('Matriz Criterios'!$H$38:$V$38="X")*ISNUMBER('Registro Notas'!$D8:$R8)*'Registro Notas'!$D8:$R8)/SUMPRODUCT(('Matriz Criterios'!$H$38:$V$38="X")*ISNUMBER('Registro Notas'!$D8:$R8))) | AJ8: =IF(SUMPRODUCT(('Matriz Criterios'!$H$39:$V$39="X")*ISNUMBER('Registro Notas'!$D8:$R8))=0, "-", SUMPRODUCT(('Matriz Criterios'!$H$39:$V$39="X")*ISNUMBER('Registro Notas'!$D8:$R8)*'Registro Notas'!$D8:$R8)/SUMPRODUCT(('Matriz Criterios'!$H$39:$V$39="X")*ISNUMBER('Registro Notas'!$D8:$R8))) | AK8: =IF(SUMPRODUCT(('Matriz Criterios'!$H$40:$V$40="X")*ISNUMBER('Registro Notas'!$D8:$R8))=0, "-", SUMPRODUCT(('Matriz Criterios'!$H$40:$V$40="X")*ISNUMBER('Registro Notas'!$D8:$R8)*'Registro Notas'!$D8:$R8)/SUMPRODUCT(('Matriz Criterios'!$H$40:$V$40="X")*ISNUMBER('Registro Notas'!$D8:$R8))) | AL8: =IF(SUMPRODUCT(('Matriz Criterios'!$H$41:$V$41="X")*ISNUMBER('Registro Notas'!$D8:$R8))=0, "-", SUMPRODUCT(('Matriz Criterios'!$H$41:$V$41="X")*ISNUMBER('Registro Notas'!$D8:$R8)*'Registro Notas'!$D8:$R8)/SUMPRODUCT(('Matriz Criterios'!$H$41:$V$41="X")*ISNUMBER('Registro Notas'!$D8:$R8))) | AM8: =IF(SUMPRODUCT(('Matriz Criterios'!$H$42:$V$42="X")*ISNUMBER('Registro Notas'!$D8:$R8))=0, "-", SUMPRODUCT(('Matriz Criterios'!$H$42:$V$42="X")*ISNUMBER('Registro Notas'!$D8:$R8)*'Registro Notas'!$D8:$R8)/SUMPRODUCT(('Matriz Criterios'!$H$42:$V$42="X")*ISNUMBER('Registro Notas'!$D8:$R8))) | AN8: =IF(SUMPRODUCT(('Matriz Criterios'!$H$43:$V$43="X")*ISNUMBER('Registro Notas'!$D8:$R8))=0, "-", SUMPRODUCT(('Matriz Criterios'!$H$43:$V$43="X")*ISNUMBER('Registro Notas'!$D8:$R8)*'Registro Notas'!$D8:$R8)/SUMPRODUCT(('Matriz Criterios'!$H$43:$V$43="X")*ISNUMBER('Registro Notas'!$D8:$R8))) | AO8: =IF(SUMPRODUCT(('Matriz Criterios'!$H$44:$V$44="X")*ISNUMBER('Registro Notas'!$D8:$R8))=0, "-", SUMPRODUCT(('Matriz Criterios'!$H$44:$V$44="X")*ISNUMBER('Registro Notas'!$D8:$R8)*'Registro Notas'!$D8:$R8)/SUMPRODUCT(('Matriz Criterios'!$H$44:$V$44="X")*ISNUMBER('Registro Notas'!$D8:$R8))) | AP8: =IF(SUMPRODUCT(('Matriz Criterios'!$H$45:$V$45="X")*ISNUMBER('Registro Notas'!$D8:$R8))=0, "-", SUMPRODUCT(('Matriz Criterios'!$H$45:$V$45="X")*ISNUMBER('Registro Notas'!$D8:$R8)*'Registro Notas'!$D8:$R8)/SUMPRODUCT(('Matriz Criterios'!$H$45:$V$45="X")*ISNUMBER('Registro Notas'!$D8:$R8))) | AQ8: =AVERAGE(C8:AP8) | AR8: =COUNTIF(C8:AP8, ">=5")
A9: 4 | B9: Delgado Santos, Alejandro | C9: =IF(SUMPRODUCT(('Matriz Criterios'!$H$6:$V$6="X")*ISNUMBER('Registro Notas'!$D9:$R9))=0, "-", SUMPRODUCT(('Matriz Criterios'!$H$6:$V$6="X")*ISNUMBER('Registro Notas'!$D9:$R9)*'Registro Notas'!$D9:$R9)/SUMPRODUCT(('Matriz Criterios'!$H$6:$V$6="X")*ISNUMBER('Registro Notas'!$D9:$R9))) | D9: =IF(SUMPRODUCT(('Matriz Criterios'!$H$7:$V$7="X")*ISNUMBER('Registro Notas'!$D9:$R9))=0, "-", SUMPRODUCT(('Matriz Criterios'!$H$7:$V$7="X")*ISNUMBER('Registro Notas'!$D9:$R9)*'Registro Notas'!$D9:$R9)/SUMPRODUCT(('Matriz Criterios'!$H$7:$V$7="X")*ISNUMBER('Registro Notas'!$D9:$R9))) | E9: =IF(SUMPRODUCT(('Matriz Criterios'!$H$8:$V$8="X")*ISNUMBER('Registro Notas'!$D9:$R9))=0, "-", SUMPRODUCT(('Matriz Criterios'!$H$8:$V$8="X")*ISNUMBER('Registro Notas'!$D9:$R9)*'Registro Notas'!$D9:$R9)/SUMPRODUCT(('Matriz Criterios'!$H$8:$V$8="X")*ISNUMBER('Registro Notas'!$D9:$R9))) | F9: =IF(SUMPRODUCT(('Matriz Criterios'!$H$9:$V$9="X")*ISNUMBER('Registro Notas'!$D9:$R9))=0, "-", SUMPRODUCT(('Matriz Criterios'!$H$9:$V$9="X")*ISNUMBER('Registro Notas'!$D9:$R9)*'Registro Notas'!$D9:$R9)/SUMPRODUCT(('Matriz Criterios'!$H$9:$V$9="X")*ISNUMBER('Registro Notas'!$D9:$R9))) | G9: =IF(SUMPRODUCT(('Matriz Criterios'!$H$10:$V$10="X")*ISNUMBER('Registro Notas'!$D9:$R9))=0, "-", SUMPRODUCT(('Matriz Criterios'!$H$10:$V$10="X")*ISNUMBER('Registro Notas'!$D9:$R9)*'Registro Notas'!$D9:$R9)/SUMPRODUCT(('Matriz Criterios'!$H$10:$V$10="X")*ISNUMBER('Registro Notas'!$D9:$R9))) | H9: =IF(SUMPRODUCT(('Matriz Criterios'!$H$11:$V$11="X")*ISNUMBER('Registro Notas'!$D9:$R9))=0, "-", SUMPRODUCT(('Matriz Criterios'!$H$11:$V$11="X")*ISNUMBER('Registro Notas'!$D9:$R9)*'Registro Notas'!$D9:$R9)/SUMPRODUCT(('Matriz Criterios'!$H$11:$V$11="X")*ISNUMBER('Registro Notas'!$D9:$R9))) | I9: =IF(SUMPRODUCT(('Matriz Criterios'!$H$12:$V$12="X")*ISNUMBER('Registro Notas'!$D9:$R9))=0, "-", SUMPRODUCT(('Matriz Criterios'!$H$12:$V$12="X")*ISNUMBER('Registro Notas'!$D9:$R9)*'Registro Notas'!$D9:$R9)/SUMPRODUCT(('Matriz Criterios'!$H$12:$V$12="X")*ISNUMBER('Registro Notas'!$D9:$R9))) | J9: =IF(SUMPRODUCT(('Matriz Criterios'!$H$13:$V$13="X")*ISNUMBER('Registro Notas'!$D9:$R9))=0, "-", SUMPRODUCT(('Matriz Criterios'!$H$13:$V$13="X")*ISNUMBER('Registro Notas'!$D9:$R9)*'Registro Notas'!$D9:$R9)/SUMPRODUCT(('Matriz Criterios'!$H$13:$V$13="X")*ISNUMBER('Registro Notas'!$D9:$R9))) | K9: =IF(SUMPRODUCT(('Matriz Criterios'!$H$14:$V$14="X")*ISNUMBER('Registro Notas'!$D9:$R9))=0, "-", SUMPRODUCT(('Matriz Criterios'!$H$14:$V$14="X")*ISNUMBER('Registro Notas'!$D9:$R9)*'Registro Notas'!$D9:$R9)/SUMPRODUCT(('Matriz Criterios'!$H$14:$V$14="X")*ISNUMBER('Registro Notas'!$D9:$R9))) | L9: =IF(SUMPRODUCT(('Matriz Criterios'!$H$15:$V$15="X")*ISNUMBER('Registro Notas'!$D9:$R9))=0, "-", SUMPRODUCT(('Matriz Criterios'!$H$15:$V$15="X")*ISNUMBER('Registro Notas'!$D9:$R9)*'Registro Notas'!$D9:$R9)/SUMPRODUCT(('Matriz Criterios'!$H$15:$V$15="X")*ISNUMBER('Registro Notas'!$D9:$R9))) | M9: =IF(SUMPRODUCT(('Matriz Criterios'!$H$16:$V$16="X")*ISNUMBER('Registro Notas'!$D9:$R9))=0, "-", SUMPRODUCT(('Matriz Criterios'!$H$16:$V$16="X")*ISNUMBER('Registro Notas'!$D9:$R9)*'Registro Notas'!$D9:$R9)/SUMPRODUCT(('Matriz Criterios'!$H$16:$V$16="X")*ISNUMBER('Registro Notas'!$D9:$R9))) | N9: =IF(SUMPRODUCT(('Matriz Criterios'!$H$17:$V$17="X")*ISNUMBER('Registro Notas'!$D9:$R9))=0, "-", SUMPRODUCT(('Matriz Criterios'!$H$17:$V$17="X")*ISNUMBER('Registro Notas'!$D9:$R9)*'Registro Notas'!$D9:$R9)/SUMPRODUCT(('Matriz Criterios'!$H$17:$V$17="X")*ISNUMBER('Registro Notas'!$D9:$R9))) | O9: =IF(SUMPRODUCT(('Matriz Criterios'!$H$18:$V$18="X")*ISNUMBER('Registro Notas'!$D9:$R9))=0, "-", SUMPRODUCT(('Matriz Criterios'!$H$18:$V$18="X")*ISNUMBER('Registro Notas'!$D9:$R9)*'Registro Notas'!$D9:$R9)/SUMPRODUCT(('Matriz Criterios'!$H$18:$V$18="X")*ISNUMBER('Registro Notas'!$D9:$R9))) | P9: =IF(SUMPRODUCT(('Matriz Criterios'!$H$19:$V$19="X")*ISNUMBER('Registro Notas'!$D9:$R9))=0, "-", SUMPRODUCT(('Matriz Criterios'!$H$19:$V$19="X")*ISNUMBER('Registro Notas'!$D9:$R9)*'Registro Notas'!$D9:$R9)/SUMPRODUCT(('Matriz Criterios'!$H$19:$V$19="X")*ISNUMBER('Registro Notas'!$D9:$R9))) | Q9: =IF(SUMPRODUCT(('Matriz Criterios'!$H$20:$V$20="X")*ISNUMBER('Registro Notas'!$D9:$R9))=0, "-", SUMPRODUCT(('Matriz Criterios'!$H$20:$V$20="X")*ISNUMBER('Registro Notas'!$D9:$R9)*'Registro Notas'!$D9:$R9)/SUMPRODUCT(('Matriz Criterios'!$H$20:$V$20="X")*ISNUMBER('Registro Notas'!$D9:$R9))) | R9: =IF(SUMPRODUCT(('Matriz Criterios'!$H$21:$V$21="X")*ISNUMBER('Registro Notas'!$D9:$R9))=0, "-", SUMPRODUCT(('Matriz Criterios'!$H$21:$V$21="X")*ISNUMBER('Registro Notas'!$D9:$R9)*'Registro Notas'!$D9:$R9)/SUMPRODUCT(('Matriz Criterios'!$H$21:$V$21="X")*ISNUMBER('Registro Notas'!$D9:$R9))) | S9: =IF(SUMPRODUCT(('Matriz Criterios'!$H$22:$V$22="X")*ISNUMBER('Registro Notas'!$D9:$R9))=0, "-", SUMPRODUCT(('Matriz Criterios'!$H$22:$V$22="X")*ISNUMBER('Registro Notas'!$D9:$R9)*'Registro Notas'!$D9:$R9)/SUMPRODUCT(('Matriz Criterios'!$H$22:$V$22="X")*ISNUMBER('Registro Notas'!$D9:$R9))) | T9: =IF(SUMPRODUCT(('Matriz Criterios'!$H$23:$V$23="X")*ISNUMBER('Registro Notas'!$D9:$R9))=0, "-", SUMPRODUCT(('Matriz Criterios'!$H$23:$V$23="X")*ISNUMBER('Registro Notas'!$D9:$R9)*'Registro Notas'!$D9:$R9)/SUMPRODUCT(('Matriz Criterios'!$H$23:$V$23="X")*ISNUMBER('Registro Notas'!$D9:$R9))) | U9: =IF(SUMPRODUCT(('Matriz Criterios'!$H$24:$V$24="X")*ISNUMBER('Registro Notas'!$D9:$R9))=0, "-", SUMPRODUCT(('Matriz Criterios'!$H$24:$V$24="X")*ISNUMBER('Registro Notas'!$D9:$R9)*'Registro Notas'!$D9:$R9)/SUMPRODUCT(('Matriz Criterios'!$H$24:$V$24="X")*ISNUMBER('Registro Notas'!$D9:$R9))) | V9: =IF(SUMPRODUCT(('Matriz Criterios'!$H$25:$V$25="X")*ISNUMBER('Registro Notas'!$D9:$R9))=0, "-", SUMPRODUCT(('Matriz Criterios'!$H$25:$V$25="X")*ISNUMBER('Registro Notas'!$D9:$R9)*'Registro Notas'!$D9:$R9)/SUMPRODUCT(('Matriz Criterios'!$H$25:$V$25="X")*ISNUMBER('Registro Notas'!$D9:$R9))) | W9: =IF(SUMPRODUCT(('Matriz Criterios'!$H$26:$V$26="X")*ISNUMBER('Registro Notas'!$D9:$R9))=0, "-", SUMPRODUCT(('Matriz Criterios'!$H$26:$V$26="X")*ISNUMBER('Registro Notas'!$D9:$R9)*'Registro Notas'!$D9:$R9)/SUMPRODUCT(('Matriz Criterios'!$H$26:$V$26="X")*ISNUMBER('Registro Notas'!$D9:$R9))) | X9: =IF(SUMPRODUCT(('Matriz Criterios'!$H$27:$V$27="X")*ISNUMBER('Registro Notas'!$D9:$R9))=0, "-", SUMPRODUCT(('Matriz Criterios'!$H$27:$V$27="X")*ISNUMBER('Registro Notas'!$D9:$R9)*'Registro Notas'!$D9:$R9)/SUMPRODUCT(('Matriz Criterios'!$H$27:$V$27="X")*ISNUMBER('Registro Notas'!$D9:$R9))) | Y9: =IF(SUMPRODUCT(('Matriz Criterios'!$H$28:$V$28="X")*ISNUMBER('Registro Notas'!$D9:$R9))=0, "-", SUMPRODUCT(('Matriz Criterios'!$H$28:$V$28="X")*ISNUMBER('Registro Notas'!$D9:$R9)*'Registro Notas'!$D9:$R9)/SUMPRODUCT(('Matriz Criterios'!$H$28:$V$28="X")*ISNUMBER('Registro Notas'!$D9:$R9))) | Z9: =IF(SUMPRODUCT(('Matriz Criterios'!$H$29:$V$29="X")*ISNUMBER('Registro Notas'!$D9:$R9))=0, "-", SUMPRODUCT(('Matriz Criterios'!$H$29:$V$29="X")*ISNUMBER('Registro Notas'!$D9:$R9)*'Registro Notas'!$D9:$R9)/SUMPRODUCT(('Matriz Criterios'!$H$29:$V$29="X")*ISNUMBER('Registro Notas'!$D9:$R9))) | AA9: =IF(SUMPRODUCT(('Matriz Criterios'!$H$30:$V$30="X")*ISNUMBER('Registro Notas'!$D9:$R9))=0, "-", SUMPRODUCT(('Matriz Criterios'!$H$30:$V$30="X")*ISNUMBER('Registro Notas'!$D9:$R9)*'Registro Notas'!$D9:$R9)/SUMPRODUCT(('Matriz Criterios'!$H$30:$V$30="X")*ISNUMBER('Registro Notas'!$D9:$R9))) | AB9: =IF(SUMPRODUCT(('Matriz Criterios'!$H$31:$V$31="X")*ISNUMBER('Registro Notas'!$D9:$R9))=0, "-", SUMPRODUCT(('Matriz Criterios'!$H$31:$V$31="X")*ISNUMBER('Registro Notas'!$D9:$R9)*'Registro Notas'!$D9:$R9)/SUMPRODUCT(('Matriz Criterios'!$H$31:$V$31="X")*ISNUMBER('Registro Notas'!$D9:$R9))) | AC9: =IF(SUMPRODUCT(('Matriz Criterios'!$H$32:$V$32="X")*ISNUMBER('Registro Notas'!$D9:$R9))=0, "-", SUMPRODUCT(('Matriz Criterios'!$H$32:$V$32="X")*ISNUMBER('Registro Notas'!$D9:$R9)*'Registro Notas'!$D9:$R9)/SUMPRODUCT(('Matriz Criterios'!$H$32:$V$32="X")*ISNUMBER('Registro Notas'!$D9:$R9))) | AD9: =IF(SUMPRODUCT(('Matriz Criterios'!$H$33:$V$33="X")*ISNUMBER('Registro Notas'!$D9:$R9))=0, "-", SUMPRODUCT(('Matriz Criterios'!$H$33:$V$33="X")*ISNUMBER('Registro Notas'!$D9:$R9)*'Registro Notas'!$D9:$R9)/SUMPRODUCT(('Matriz Criterios'!$H$33:$V$33="X")*ISNUMBER('Registro Notas'!$D9:$R9))) | AE9: =IF(SUMPRODUCT(('Matriz Criterios'!$H$34:$V$34="X")*ISNUMBER('Registro Notas'!$D9:$R9))=0, "-", SUMPRODUCT(('Matriz Criterios'!$H$34:$V$34="X")*ISNUMBER('Registro Notas'!$D9:$R9)*'Registro Notas'!$D9:$R9)/SUMPRODUCT(('Matriz Criterios'!$H$34:$V$34="X")*ISNUMBER('Registro Notas'!$D9:$R9))) | AF9: =IF(SUMPRODUCT(('Matriz Criterios'!$H$35:$V$35="X")*ISNUMBER('Registro Notas'!$D9:$R9))=0, "-", SUMPRODUCT(('Matriz Criterios'!$H$35:$V$35="X")*ISNUMBER('Registro Notas'!$D9:$R9)*'Registro Notas'!$D9:$R9)/SUMPRODUCT(('Matriz Criterios'!$H$35:$V$35="X")*ISNUMBER('Registro Notas'!$D9:$R9))) | AG9: =IF(SUMPRODUCT(('Matriz Criterios'!$H$36:$V$36="X")*ISNUMBER('Registro Notas'!$D9:$R9))=0, "-", SUMPRODUCT(('Matriz Criterios'!$H$36:$V$36="X")*ISNUMBER('Registro Notas'!$D9:$R9)*'Registro Notas'!$D9:$R9)/SUMPRODUCT(('Matriz Criterios'!$H$36:$V$36="X")*ISNUMBER('Registro Notas'!$D9:$R9))) | AH9: =IF(SUMPRODUCT(('Matriz Criterios'!$H$37:$V$37="X")*ISNUMBER('Registro Notas'!$D9:$R9))=0, "-", SUMPRODUCT(('Matriz Criterios'!$H$37:$V$37="X")*ISNUMBER('Registro Notas'!$D9:$R9)*'Registro Notas'!$D9:$R9)/SUMPRODUCT(('Matriz Criterios'!$H$37:$V$37="X")*ISNUMBER('Registro Notas'!$D9:$R9))) | AI9: =IF(SUMPRODUCT(('Matriz Criterios'!$H$38:$V$38="X")*ISNUMBER('Registro Notas'!$D9:$R9))=0, "-", SUMPRODUCT(('Matriz Criterios'!$H$38:$V$38="X")*ISNUMBER('Registro Notas'!$D9:$R9)*'Registro Notas'!$D9:$R9)/SUMPRODUCT(('Matriz Criterios'!$H$38:$V$38="X")*ISNUMBER('Registro Notas'!$D9:$R9))) | AJ9: =IF(SUMPRODUCT(('Matriz Criterios'!$H$39:$V$39="X")*ISNUMBER('Registro Notas'!$D9:$R9))=0, "-", SUMPRODUCT(('Matriz Criterios'!$H$39:$V$39="X")*ISNUMBER('Registro Notas'!$D9:$R9)*'Registro Notas'!$D9:$R9)/SUMPRODUCT(('Matriz Criterios'!$H$39:$V$39="X")*ISNUMBER('Registro Notas'!$D9:$R9))) | AK9: =IF(SUMPRODUCT(('Matriz Criterios'!$H$40:$V$40="X")*ISNUMBER('Registro Notas'!$D9:$R9))=0, "-", SUMPRODUCT(('Matriz Criterios'!$H$40:$V$40="X")*ISNUMBER('Registro Notas'!$D9:$R9)*'Registro Notas'!$D9:$R9)/SUMPRODUCT(('Matriz Criterios'!$H$40:$V$40="X")*ISNUMBER('Registro Notas'!$D9:$R9))) | AL9: =IF(SUMPRODUCT(('Matriz Criterios'!$H$41:$V$41="X")*ISNUMBER('Registro Notas'!$D9:$R9))=0, "-", SUMPRODUCT(('Matriz Criterios'!$H$41:$V$41="X")*ISNUMBER('Registro Notas'!$D9:$R9)*'Registro Notas'!$D9:$R9)/SUMPRODUCT(('Matriz Criterios'!$H$41:$V$41="X")*ISNUMBER('Registro Notas'!$D9:$R9))) | AM9: =IF(SUMPRODUCT(('Matriz Criterios'!$H$42:$V$42="X")*ISNUMBER('Registro Notas'!$D9:$R9))=0, "-", SUMPRODUCT(('Matriz Criterios'!$H$42:$V$42="X")*ISNUMBER('Registro Notas'!$D9:$R9)*'Registro Notas'!$D9:$R9)/SUMPRODUCT(('Matriz Criterios'!$H$42:$V$42="X")*ISNUMBER('Registro Notas'!$D9:$R9))) | AN9: =IF(SUMPRODUCT(('Matriz Criterios'!$H$43:$V$43="X")*ISNUMBER('Registro Notas'!$D9:$R9))=0, "-", SUMPRODUCT(('Matriz Criterios'!$H$43:$V$43="X")*ISNUMBER('Registro Notas'!$D9:$R9)*'Registro Notas'!$D9:$R9)/SUMPRODUCT(('Matriz Criterios'!$H$43:$V$43="X")*ISNUMBER('Registro Notas'!$D9:$R9))) | AO9: =IF(SUMPRODUCT(('Matriz Criterios'!$H$44:$V$44="X")*ISNUMBER('Registro Notas'!$D9:$R9))=0, "-", SUMPRODUCT(('Matriz Criterios'!$H$44:$V$44="X")*ISNUMBER('Registro Notas'!$D9:$R9)*'Registro Notas'!$D9:$R9)/SUMPRODUCT(('Matriz Criterios'!$H$44:$V$44="X")*ISNUMBER('Registro Notas'!$D9:$R9))) | AP9: =IF(SUMPRODUCT(('Matriz Criterios'!$H$45:$V$45="X")*ISNUMBER('Registro Notas'!$D9:$R9))=0, "-", SUMPRODUCT(('Matriz Criterios'!$H$45:$V$45="X")*ISNUMBER('Registro Notas'!$D9:$R9)*'Registro Notas'!$D9:$R9)/SUMPRODUCT(('Matriz Criterios'!$H$45:$V$45="X")*ISNUMBER('Registro Notas'!$D9:$R9))) | AQ9: =AVERAGE(C9:AP9) | AR9: =COUNTIF(C9:AP9, ">=5")
A10: 5 | B10: Fernández Navarro, Lucía | C10: =IF(SUMPRODUCT(('Matriz Criterios'!$H$6:$V$6="X")*ISNUMBER('Registro Notas'!$D10:$R10))=0, "-", SUMPRODUCT(('Matriz Criterios'!$H$6:$V$6="X")*ISNUMBER('Registro Notas'!$D10:$R10)*'Registro Notas'!$D10:$R10)/SUMPRODUCT(('Matriz Criterios'!$H$6:$V$6="X")*ISNUMBER('Registro Notas'!$D10:$R10))) | D10: =IF(SUMPRODUCT(('Matriz Criterios'!$H$7:$V$7="X")*ISNUMBER('Registro Notas'!$D10:$R10))=0, "-", SUMPRODUCT(('Matriz Criterios'!$H$7:$V$7="X")*ISNUMBER('Registro Notas'!$D10:$R10)*'Registro Notas'!$D10:$R10)/SUMPRODUCT(('Matriz Criterios'!$H$7:$V$7="X")*ISNUMBER('Registro Notas'!$D10:$R10))) | E10: =IF(SUMPRODUCT(('Matriz Criterios'!$H$8:$V$8="X")*ISNUMBER('Registro Notas'!$D10:$R10))=0, "-", SUMPRODUCT(('Matriz Criterios'!$H$8:$V$8="X")*ISNUMBER('Registro Notas'!$D10:$R10)*'Registro Notas'!$D10:$R10)/SUMPRODUCT(('Matriz Criterios'!$H$8:$V$8="X")*ISNUMBER('Registro Notas'!$D10:$R10))) | F10: =IF(SUMPRODUCT(('Matriz Criterios'!$H$9:$V$9="X")*ISNUMBER('Registro Notas'!$D10:$R10))=0, "-", SUMPRODUCT(('Matriz Criterios'!$H$9:$V$9="X")*ISNUMBER('Registro Notas'!$D10:$R10)*'Registro Notas'!$D10:$R10)/SUMPRODUCT(('Matriz Criterios'!$H$9:$V$9="X")*ISNUMBER('Registro Notas'!$D10:$R10))) | G10: =IF(SUMPRODUCT(('Matriz Criterios'!$H$10:$V$10="X")*ISNUMBER('Registro Notas'!$D10:$R10))=0, "-", SUMPRODUCT(('Matriz Criterios'!$H$10:$V$10="X")*ISNUMBER('Registro Notas'!$D10:$R10)*'Registro Notas'!$D10:$R10)/SUMPRODUCT(('Matriz Criterios'!$H$10:$V$10="X")*ISNUMBER('Registro Notas'!$D10:$R10))) | H10: =IF(SUMPRODUCT(('Matriz Criterios'!$H$11:$V$11="X")*ISNUMBER('Registro Notas'!$D10:$R10))=0, "-", SUMPRODUCT(('Matriz Criterios'!$H$11:$V$11="X")*ISNUMBER('Registro Notas'!$D10:$R10)*'Registro Notas'!$D10:$R10)/SUMPRODUCT(('Matriz Criterios'!$H$11:$V$11="X")*ISNUMBER('Registro Notas'!$D10:$R10))) | I10: =IF(SUMPRODUCT(('Matriz Criterios'!$H$12:$V$12="X")*ISNUMBER('Registro Notas'!$D10:$R10))=0, "-", SUMPRODUCT(('Matriz Criterios'!$H$12:$V$12="X")*ISNUMBER('Registro Notas'!$D10:$R10)*'Registro Notas'!$D10:$R10)/SUMPRODUCT(('Matriz Criterios'!$H$12:$V$12="X")*ISNUMBER('Registro Notas'!$D10:$R10))) | J10: =IF(SUMPRODUCT(('Matriz Criterios'!$H$13:$V$13="X")*ISNUMBER('Registro Notas'!$D10:$R10))=0, "-", SUMPRODUCT(('Matriz Criterios'!$H$13:$V$13="X")*ISNUMBER('Registro Notas'!$D10:$R10)*'Registro Notas'!$D10:$R10)/SUMPRODUCT(('Matriz Criterios'!$H$13:$V$13="X")*ISNUMBER('Registro Notas'!$D10:$R10))) | K10: =IF(SUMPRODUCT(('Matriz Criterios'!$H$14:$V$14="X")*ISNUMBER('Registro Notas'!$D10:$R10))=0, "-", SUMPRODUCT(('Matriz Criterios'!$H$14:$V$14="X")*ISNUMBER('Registro Notas'!$D10:$R10)*'Registro Notas'!$D10:$R10)/SUMPRODUCT(('Matriz Criterios'!$H$14:$V$14="X")*ISNUMBER('Registro Notas'!$D10:$R10))) | L10: =IF(SUMPRODUCT(('Matriz Criterios'!$H$15:$V$15="X")*ISNUMBER('Registro Notas'!$D10:$R10))=0, "-", SUMPRODUCT(('Matriz Criterios'!$H$15:$V$15="X")*ISNUMBER('Registro Notas'!$D10:$R10)*'Registro Notas'!$D10:$R10)/SUMPRODUCT(('Matriz Criterios'!$H$15:$V$15="X")*ISNUMBER('Registro Notas'!$D10:$R10))) | M10: =IF(SUMPRODUCT(('Matriz Criterios'!$H$16:$V$16="X")*ISNUMBER('Registro Notas'!$D10:$R10))=0, "-", SUMPRODUCT(('Matriz Criterios'!$H$16:$V$16="X")*ISNUMBER('Registro Notas'!$D10:$R10)*'Registro Notas'!$D10:$R10)/SUMPRODUCT(('Matriz Criterios'!$H$16:$V$16="X")*ISNUMBER('Registro Notas'!$D10:$R10))) | N10: =IF(SUMPRODUCT(('Matriz Criterios'!$H$17:$V$17="X")*ISNUMBER('Registro Notas'!$D10:$R10))=0, "-", SUMPRODUCT(('Matriz Criterios'!$H$17:$V$17="X")*ISNUMBER('Registro Notas'!$D10:$R10)*'Registro Notas'!$D10:$R10)/SUMPRODUCT(('Matriz Criterios'!$H$17:$V$17="X")*ISNUMBER('Registro Notas'!$D10:$R10))) | O10: =IF(SUMPRODUCT(('Matriz Criterios'!$H$18:$V$18="X")*ISNUMBER('Registro Notas'!$D10:$R10))=0, "-", SUMPRODUCT(('Matriz Criterios'!$H$18:$V$18="X")*ISNUMBER('Registro Notas'!$D10:$R10)*'Registro Notas'!$D10:$R10)/SUMPRODUCT(('Matriz Criterios'!$H$18:$V$18="X")*ISNUMBER('Registro Notas'!$D10:$R10))) | P10: =IF(SUMPRODUCT(('Matriz Criterios'!$H$19:$V$19="X")*ISNUMBER('Registro Notas'!$D10:$R10))=0, "-", SUMPRODUCT(('Matriz Criterios'!$H$19:$V$19="X")*ISNUMBER('Registro Notas'!$D10:$R10)*'Registro Notas'!$D10:$R10)/SUMPRODUCT(('Matriz Criterios'!$H$19:$V$19="X")*ISNUMBER('Registro Notas'!$D10:$R10))) | Q10: =IF(SUMPRODUCT(('Matriz Criterios'!$H$20:$V$20="X")*ISNUMBER('Registro Notas'!$D10:$R10))=0, "-", SUMPRODUCT(('Matriz Criterios'!$H$20:$V$20="X")*ISNUMBER('Registro Notas'!$D10:$R10)*'Registro Notas'!$D10:$R10)/SUMPRODUCT(('Matriz Criterios'!$H$20:$V$20="X")*ISNUMBER('Registro Notas'!$D10:$R10))) | R10: =IF(SUMPRODUCT(('Matriz Criterios'!$H$21:$V$21="X")*ISNUMBER('Registro Notas'!$D10:$R10))=0, "-", SUMPRODUCT(('Matriz Criterios'!$H$21:$V$21="X")*ISNUMBER('Registro Notas'!$D10:$R10)*'Registro Notas'!$D10:$R10)/SUMPRODUCT(('Matriz Criterios'!$H$21:$V$21="X")*ISNUMBER('Registro Notas'!$D10:$R10))) | S10: =IF(SUMPRODUCT(('Matriz Criterios'!$H$22:$V$22="X")*ISNUMBER('Registro Notas'!$D10:$R10))=0, "-", SUMPRODUCT(('Matriz Criterios'!$H$22:$V$22="X")*ISNUMBER('Registro Notas'!$D10:$R10)*'Registro Notas'!$D10:$R10)/SUMPRODUCT(('Matriz Criterios'!$H$22:$V$22="X")*ISNUMBER('Registro Notas'!$D10:$R10))) | T10: =IF(SUMPRODUCT(('Matriz Criterios'!$H$23:$V$23="X")*ISNUMBER('Registro Notas'!$D10:$R10))=0, "-", SUMPRODUCT(('Matriz Criterios'!$H$23:$V$23="X")*ISNUMBER('Registro Notas'!$D10:$R10)*'Registro Notas'!$D10:$R10)/SUMPRODUCT(('Matriz Criterios'!$H$23:$V$23="X")*ISNUMBER('Registro Notas'!$D10:$R10))) | U10: =IF(SUMPRODUCT(('Matriz Criterios'!$H$24:$V$24="X")*ISNUMBER('Registro Notas'!$D10:$R10))=0, "-", SUMPRODUCT(('Matriz Criterios'!$H$24:$V$24="X")*ISNUMBER('Registro Notas'!$D10:$R10)*'Registro Notas'!$D10:$R10)/SUMPRODUCT(('Matriz Criterios'!$H$24:$V$24="X")*ISNUMBER('Registro Notas'!$D10:$R10))) | V10: =IF(SUMPRODUCT(('Matriz Criterios'!$H$25:$V$25="X")*ISNUMBER('Registro Notas'!$D10:$R10))=0, "-", SUMPRODUCT(('Matriz Criterios'!$H$25:$V$25="X")*ISNUMBER('Registro Notas'!$D10:$R10)*'Registro Notas'!$D10:$R10)/SUMPRODUCT(('Matriz Criterios'!$H$25:$V$25="X")*ISNUMBER('Registro Notas'!$D10:$R10))) | W10: =IF(SUMPRODUCT(('Matriz Criterios'!$H$26:$V$26="X")*ISNUMBER('Registro Notas'!$D10:$R10))=0, "-", SUMPRODUCT(('Matriz Criterios'!$H$26:$V$26="X")*ISNUMBER('Registro Notas'!$D10:$R10)*'Registro Notas'!$D10:$R10)/SUMPRODUCT(('Matriz Criterios'!$H$26:$V$26="X")*ISNUMBER('Registro Notas'!$D10:$R10))) | X10: =IF(SUMPRODUCT(('Matriz Criterios'!$H$27:$V$27="X")*ISNUMBER('Registro Notas'!$D10:$R10))=0, "-", SUMPRODUCT(('Matriz Criterios'!$H$27:$V$27="X")*ISNUMBER('Registro Notas'!$D10:$R10)*'Registro Notas'!$D10:$R10)/SUMPRODUCT(('Matriz Criterios'!$H$27:$V$27="X")*ISNUMBER('Registro Notas'!$D10:$R10))) | Y10: =IF(SUMPRODUCT(('Matriz Criterios'!$H$28:$V$28="X")*ISNUMBER('Registro Notas'!$D10:$R10))=0, "-", SUMPRODUCT(('Matriz Criterios'!$H$28:$V$28="X")*ISNUMBER('Registro Notas'!$D10:$R10)*'Registro Notas'!$D10:$R10)/SUMPRODUCT(('Matriz Criterios'!$H$28:$V$28="X")*ISNUMBER('Registro Notas'!$D10:$R10))) | Z10: =IF(SUMPRODUCT(('Matriz Criterios'!$H$29:$V$29="X")*ISNUMBER('Registro Notas'!$D10:$R10))=0, "-", SUMPRODUCT(('Matriz Criterios'!$H$29:$V$29="X")*ISNUMBER('Registro Notas'!$D10:$R10)*'Registro Notas'!$D10:$R10)/SUMPRODUCT(('Matriz Criterios'!$H$29:$V$29="X")*ISNUMBER('Registro Notas'!$D10:$R10))) | AA10: =IF(SUMPRODUCT(('Matriz Criterios'!$H$30:$V$30="X")*ISNUMBER('Registro Notas'!$D10:$R10))=0, "-", SUMPRODUCT(('Matriz Criterios'!$H$30:$V$30="X")*ISNUMBER('Registro Notas'!$D10:$R10)*'Registro Notas'!$D10:$R10)/SUMPRODUCT(('Matriz Criterios'!$H$30:$V$30="X")*ISNUMBER('Registro Notas'!$D10:$R10))) | AB10: =IF(SUMPRODUCT(('Matriz Criterios'!$H$31:$V$31="X")*ISNUMBER('Registro Notas'!$D10:$R10))=0, "-", SUMPRODUCT(('Matriz Criterios'!$H$31:$V$31="X")*ISNUMBER('Registro Notas'!$D10:$R10)*'Registro Notas'!$D10:$R10)/SUMPRODUCT(('Matriz Criterios'!$H$31:$V$31="X")*ISNUMBER('Registro Notas'!$D10:$R10))) | AC10: =IF(SUMPRODUCT(('Matriz Criterios'!$H$32:$V$32="X")*ISNUMBER('Registro Notas'!$D10:$R10))=0, "-", SUMPRODUCT(('Matriz Criterios'!$H$32:$V$32="X")*ISNUMBER('Registro Notas'!$D10:$R10)*'Registro Notas'!$D10:$R10)/SUMPRODUCT(('Matriz Criterios'!$H$32:$V$32="X")*ISNUMBER('Registro Notas'!$D10:$R10))) | AD10: =IF(SUMPRODUCT(('Matriz Criterios'!$H$33:$V$33="X")*ISNUMBER('Registro Notas'!$D10:$R10))=0, "-", SUMPRODUCT(('Matriz Criterios'!$H$33:$V$33="X")*ISNUMBER('Registro Notas'!$D10:$R10)*'Registro Notas'!$D10:$R10)/SUMPRODUCT(('Matriz Criterios'!$H$33:$V$33="X")*ISNUMBER('Registro Notas'!$D10:$R10))) | AE10: =IF(SUMPRODUCT(('Matriz Criterios'!$H$34:$V$34="X")*ISNUMBER('Registro Notas'!$D10:$R10))=0, "-", SUMPRODUCT(('Matriz Criterios'!$H$34:$V$34="X")*ISNUMBER('Registro Notas'!$D10:$R10)*'Registro Notas'!$D10:$R10)/SUMPRODUCT(('Matriz Criterios'!$H$34:$V$34="X")*ISNUMBER('Registro Notas'!$D10:$R10))) | AF10: =IF(SUMPRODUCT(('Matriz Criterios'!$H$35:$V$35="X")*ISNUMBER('Registro Notas'!$D10:$R10))=0, "-", SUMPRODUCT(('Matriz Criterios'!$H$35:$V$35="X")*ISNUMBER('Registro Notas'!$D10:$R10)*'Registro Notas'!$D10:$R10)/SUMPRODUCT(('Matriz Criterios'!$H$35:$V$35="X")*ISNUMBER('Registro Notas'!$D10:$R10))) | AG10: =IF(SUMPRODUCT(('Matriz Criterios'!$H$36:$V$36="X")*ISNUMBER('Registro Notas'!$D10:$R10))=0, "-", SUMPRODUCT(('Matriz Criterios'!$H$36:$V$36="X")*ISNUMBER('Registro Notas'!$D10:$R10)*'Registro Notas'!$D10:$R10)/SUMPRODUCT(('Matriz Criterios'!$H$36:$V$36="X")*ISNUMBER('Registro Notas'!$D10:$R10))) | AH10: =IF(SUMPRODUCT(('Matriz Criterios'!$H$37:$V$37="X")*ISNUMBER('Registro Notas'!$D10:$R10))=0, "-", SUMPRODUCT(('Matriz Criterios'!$H$37:$V$37="X")*ISNUMBER('Registro Notas'!$D10:$R10)*'Registro Notas'!$D10:$R10)/SUMPRODUCT(('Matriz Criterios'!$H$37:$V$37="X")*ISNUMBER('Registro Notas'!$D10:$R10))) | AI10: =IF(SUMPRODUCT(('Matriz Criterios'!$H$38:$V$38="X")*ISNUMBER('Registro Notas'!$D10:$R10))=0, "-", SUMPRODUCT(('Matriz Criterios'!$H$38:$V$38="X")*ISNUMBER('Registro Notas'!$D10:$R10)*'Registro Notas'!$D10:$R10)/SUMPRODUCT(('Matriz Criterios'!$H$38:$V$38="X")*ISNUMBER('Registro Notas'!$D10:$R10))) | AJ10: =IF(SUMPRODUCT(('Matriz Criterios'!$H$39:$V$39="X")*ISNUMBER('Registro Notas'!$D10:$R10))=0, "-", SUMPRODUCT(('Matriz Criterios'!$H$39:$V$39="X")*ISNUMBER('Registro Notas'!$D10:$R10)*'Registro Notas'!$D10:$R10)/SUMPRODUCT(('Matriz Criterios'!$H$39:$V$39="X")*ISNUMBER('Registro Notas'!$D10:$R10))) | AK10: =IF(SUMPRODUCT(('Matriz Criterios'!$H$40:$V$40="X")*ISNUMBER('Registro Notas'!$D10:$R10))=0, "-", SUMPRODUCT(('Matriz Criterios'!$H$40:$V$40="X")*ISNUMBER('Registro Notas'!$D10:$R10)*'Registro Notas'!$D10:$R10)/SUMPRODUCT(('Matriz Criterios'!$H$40:$V$40="X")*ISNUMBER('Registro Notas'!$D10:$R10))) | AL10: =IF(SUMPRODUCT(('Matriz Criterios'!$H$41:$V$41="X")*ISNUMBER('Registro Notas'!$D10:$R10))=0, "-", SUMPRODUCT(('Matriz Criterios'!$H$41:$V$41="X")*ISNUMBER('Registro Notas'!$D10:$R10)*'Registro Notas'!$D10:$R10)/SUMPRODUCT(('Matriz Criterios'!$H$41:$V$41="X")*ISNUMBER('Registro Notas'!$D10:$R10))) | AM10: =IF(SUMPRODUCT(('Matriz Criterios'!$H$42:$V$42="X")*ISNUMBER('Registro Notas'!$D10:$R10))=0, "-", SUMPRODUCT(('Matriz Criterios'!$H$42:$V$42="X")*ISNUMBER('Registro Notas'!$D10:$R10)*'Registro Notas'!$D10:$R10)/SUMPRODUCT(('Matriz Criterios'!$H$42:$V$42="X")*ISNUMBER('Registro Notas'!$D10:$R10))) | AN10: =IF(SUMPRODUCT(('Matriz Criterios'!$H$43:$V$43="X")*ISNUMBER('Registro Notas'!$D10:$R10))=0, "-", SUMPRODUCT(('Matriz Criterios'!$H$43:$V$43="X")*ISNUMBER('Registro Notas'!$D10:$R10)*'Registro Notas'!$D10:$R10)/SUMPRODUCT(('Matriz Criterios'!$H$43:$V$43="X")*ISNUMBER('Registro Notas'!$D10:$R10))) | AO10: =IF(SUMPRODUCT(('Matriz Criterios'!$H$44:$V$44="X")*ISNUMBER('Registro Notas'!$D10:$R10))=0, "-", SUMPRODUCT(('Matriz Criterios'!$H$44:$V$44="X")*ISNUMBER('Registro Notas'!$D10:$R10)*'Registro Notas'!$D10:$R10)/SUMPRODUCT(('Matriz Criterios'!$H$44:$V$44="X")*ISNUMBER('Registro Notas'!$D10:$R10))) | AP10: =IF(SUMPRODUCT(('Matriz Criterios'!$H$45:$V$45="X")*ISNUMBER('Registro Notas'!$D10:$R10))=0, "-", SUMPRODUCT(('Matriz Criterios'!$H$45:$V$45="X")*ISNUMBER('Registro Notas'!$D10:$R10)*'Registro Notas'!$D10:$R10)/SUMPRODUCT(('Matriz Criterios'!$H$45:$V$45="X")*ISNUMBER('Registro Notas'!$D10:$R10))) | AQ10: =AVERAGE(C10:AP10) | AR10: =COUNTIF(C10:AP10, ">=5")
A11: 6 | B11: García Serrano, David | C11: =IF(SUMPRODUCT(('Matriz Criterios'!$H$6:$V$6="X")*ISNUMBER('Registro Notas'!$D11:$R11))=0, "-", SUMPRODUCT(('Matriz Criterios'!$H$6:$V$6="X")*ISNUMBER('Registro Notas'!$D11:$R11)*'Registro Notas'!$D11:$R11)/SUMPRODUCT(('Matriz Criterios'!$H$6:$V$6="X")*ISNUMBER('Registro Notas'!$D11:$R11))) | D11: =IF(SUMPRODUCT(('Matriz Criterios'!$H$7:$V$7="X")*ISNUMBER('Registro Notas'!$D11:$R11))=0, "-", SUMPRODUCT(('Matriz Criterios'!$H$7:$V$7="X")*ISNUMBER('Registro Notas'!$D11:$R11)*'Registro Notas'!$D11:$R11)/SUMPRODUCT(('Matriz Criterios'!$H$7:$V$7="X")*ISNUMBER('Registro Notas'!$D11:$R11))) | E11: =IF(SUMPRODUCT(('Matriz Criterios'!$H$8:$V$8="X")*ISNUMBER('Registro Notas'!$D11:$R11))=0, "-", SUMPRODUCT(('Matriz Criterios'!$H$8:$V$8="X")*ISNUMBER('Registro Notas'!$D11:$R11)*'Registro Notas'!$D11:$R11)/SUMPRODUCT(('Matriz Criterios'!$H$8:$V$8="X")*ISNUMBER('Registro Notas'!$D11:$R11))) | F11: =IF(SUMPRODUCT(('Matriz Criterios'!$H$9:$V$9="X")*ISNUMBER('Registro Notas'!$D11:$R11))=0, "-", SUMPRODUCT(('Matriz Criterios'!$H$9:$V$9="X")*ISNUMBER('Registro Notas'!$D11:$R11)*'Registro Notas'!$D11:$R11)/SUMPRODUCT(('Matriz Criterios'!$H$9:$V$9="X")*ISNUMBER('Registro Notas'!$D11:$R11))) | G11: =IF(SUMPRODUCT(('Matriz Criterios'!$H$10:$V$10="X")*ISNUMBER('Registro Notas'!$D11:$R11))=0, "-", SUMPRODUCT(('Matriz Criterios'!$H$10:$V$10="X")*ISNUMBER('Registro Notas'!$D11:$R11)*'Registro Notas'!$D11:$R11)/SUMPRODUCT(('Matriz Criterios'!$H$10:$V$10="X")*ISNUMBER('Registro Notas'!$D11:$R11))) | H11: =IF(SUMPRODUCT(('Matriz Criterios'!$H$11:$V$11="X")*ISNUMBER('Registro Notas'!$D11:$R11))=0, "-", SUMPRODUCT(('Matriz Criterios'!$H$11:$V$11="X")*ISNUMBER('Registro Notas'!$D11:$R11)*'Registro Notas'!$D11:$R11)/SUMPRODUCT(('Matriz Criterios'!$H$11:$V$11="X")*ISNUMBER('Registro Notas'!$D11:$R11))) | I11: =IF(SUMPRODUCT(('Matriz Criterios'!$H$12:$V$12="X")*ISNUMBER('Registro Notas'!$D11:$R11))=0, "-", SUMPRODUCT(('Matriz Criterios'!$H$12:$V$12="X")*ISNUMBER('Registro Notas'!$D11:$R11)*'Registro Notas'!$D11:$R11)/SUMPRODUCT(('Matriz Criterios'!$H$12:$V$12="X")*ISNUMBER('Registro Notas'!$D11:$R11))) | J11: =IF(SUMPRODUCT(('Matriz Criterios'!$H$13:$V$13="X")*ISNUMBER('Registro Notas'!$D11:$R11))=0, "-", SUMPRODUCT(('Matriz Criterios'!$H$13:$V$13="X")*ISNUMBER('Registro Notas'!$D11:$R11)*'Registro Notas'!$D11:$R11)/SUMPRODUCT(('Matriz Criterios'!$H$13:$V$13="X")*ISNUMBER('Registro Notas'!$D11:$R11))) | K11: =IF(SUMPRODUCT(('Matriz Criterios'!$H$14:$V$14="X")*ISNUMBER('Registro Notas'!$D11:$R11))=0, "-", SUMPRODUCT(('Matriz Criterios'!$H$14:$V$14="X")*ISNUMBER('Registro Notas'!$D11:$R11)*'Registro Notas'!$D11:$R11)/SUMPRODUCT(('Matriz Criterios'!$H$14:$V$14="X")*ISNUMBER('Registro Notas'!$D11:$R11))) | L11: =IF(SUMPRODUCT(('Matriz Criterios'!$H$15:$V$15="X")*ISNUMBER('Registro Notas'!$D11:$R11))=0, "-", SUMPRODUCT(('Matriz Criterios'!$H$15:$V$15="X")*ISNUMBER('Registro Notas'!$D11:$R11)*'Registro Notas'!$D11:$R11)/SUMPRODUCT(('Matriz Criterios'!$H$15:$V$15="X")*ISNUMBER('Registro Notas'!$D11:$R11))) | M11: =IF(SUMPRODUCT(('Matriz Criterios'!$H$16:$V$16="X")*ISNUMBER('Registro Notas'!$D11:$R11))=0, "-", SUMPRODUCT(('Matriz Criterios'!$H$16:$V$16="X")*ISNUMBER('Registro Notas'!$D11:$R11)*'Registro Notas'!$D11:$R11)/SUMPRODUCT(('Matriz Criterios'!$H$16:$V$16="X")*ISNUMBER('Registro Notas'!$D11:$R11))) | N11: =IF(SUMPRODUCT(('Matriz Criterios'!$H$17:$V$17="X")*ISNUMBER('Registro Notas'!$D11:$R11))=0, "-", SUMPRODUCT(('Matriz Criterios'!$H$17:$V$17="X")*ISNUMBER('Registro Notas'!$D11:$R11)*'Registro Notas'!$D11:$R11)/SUMPRODUCT(('Matriz Criterios'!$H$17:$V$17="X")*ISNUMBER('Registro Notas'!$D11:$R11))) | O11: =IF(SUMPRODUCT(('Matriz Criterios'!$H$18:$V$18="X")*ISNUMBER('Registro Notas'!$D11:$R11))=0, "-", SUMPRODUCT(('Matriz Criterios'!$H$18:$V$18="X")*ISNUMBER('Registro Notas'!$D11:$R11)*'Registro Notas'!$D11:$R11)/SUMPRODUCT(('Matriz Criterios'!$H$18:$V$18="X")*ISNUMBER('Registro Notas'!$D11:$R11))) | P11: =IF(SUMPRODUCT(('Matriz Criterios'!$H$19:$V$19="X")*ISNUMBER('Registro Notas'!$D11:$R11))=0, "-", SUMPRODUCT(('Matriz Criterios'!$H$19:$V$19="X")*ISNUMBER('Registro Notas'!$D11:$R11)*'Registro Notas'!$D11:$R11)/SUMPRODUCT(('Matriz Criterios'!$H$19:$V$19="X")*ISNUMBER('Registro Notas'!$D11:$R11))) | Q11: =IF(SUMPRODUCT(('Matriz Criterios'!$H$20:$V$20="X")*ISNUMBER('Registro Notas'!$D11:$R11))=0, "-", SUMPRODUCT(('Matriz Criterios'!$H$20:$V$20="X")*ISNUMBER('Registro Notas'!$D11:$R11)*'Registro Notas'!$D11:$R11)/SUMPRODUCT(('Matriz Criterios'!$H$20:$V$20="X")*ISNUMBER('Registro Notas'!$D11:$R11))) | R11: =IF(SUMPRODUCT(('Matriz Criterios'!$H$21:$V$21="X")*ISNUMBER('Registro Notas'!$D11:$R11))=0, "-", SUMPRODUCT(('Matriz Criterios'!$H$21:$V$21="X")*ISNUMBER('Registro Notas'!$D11:$R11)*'Registro Notas'!$D11:$R11)/SUMPRODUCT(('Matriz Criterios'!$H$21:$V$21="X")*ISNUMBER('Registro Notas'!$D11:$R11))) | S11: =IF(SUMPRODUCT(('Matriz Criterios'!$H$22:$V$22="X")*ISNUMBER('Registro Notas'!$D11:$R11))=0, "-", SUMPRODUCT(('Matriz Criterios'!$H$22:$V$22="X")*ISNUMBER('Registro Notas'!$D11:$R11)*'Registro Notas'!$D11:$R11)/SUMPRODUCT(('Matriz Criterios'!$H$22:$V$22="X")*ISNUMBER('Registro Notas'!$D11:$R11))) | T11: =IF(SUMPRODUCT(('Matriz Criterios'!$H$23:$V$23="X")*ISNUMBER('Registro Notas'!$D11:$R11))=0, "-", SUMPRODUCT(('Matriz Criterios'!$H$23:$V$23="X")*ISNUMBER('Registro Notas'!$D11:$R11)*'Registro Notas'!$D11:$R11)/SUMPRODUCT(('Matriz Criterios'!$H$23:$V$23="X")*ISNUMBER('Registro Notas'!$D11:$R11))) | U11: =IF(SUMPRODUCT(('Matriz Criterios'!$H$24:$V$24="X")*ISNUMBER('Registro Notas'!$D11:$R11))=0, "-", SUMPRODUCT(('Matriz Criterios'!$H$24:$V$24="X")*ISNUMBER('Registro Notas'!$D11:$R11)*'Registro Notas'!$D11:$R11)/SUMPRODUCT(('Matriz Criterios'!$H$24:$V$24="X")*ISNUMBER('Registro Notas'!$D11:$R11))) | V11: =IF(SUMPRODUCT(('Matriz Criterios'!$H$25:$V$25="X")*ISNUMBER('Registro Notas'!$D11:$R11))=0, "-", SUMPRODUCT(('Matriz Criterios'!$H$25:$V$25="X")*ISNUMBER('Registro Notas'!$D11:$R11)*'Registro Notas'!$D11:$R11)/SUMPRODUCT(('Matriz Criterios'!$H$25:$V$25="X")*ISNUMBER('Registro Notas'!$D11:$R11))) | W11: =IF(SUMPRODUCT(('Matriz Criterios'!$H$26:$V$26="X")*ISNUMBER('Registro Notas'!$D11:$R11))=0, "-", SUMPRODUCT(('Matriz Criterios'!$H$26:$V$26="X")*ISNUMBER('Registro Notas'!$D11:$R11)*'Registro Notas'!$D11:$R11)/SUMPRODUCT(('Matriz Criterios'!$H$26:$V$26="X")*ISNUMBER('Registro Notas'!$D11:$R11))) | X11: =IF(SUMPRODUCT(('Matriz Criterios'!$H$27:$V$27="X")*ISNUMBER('Registro Notas'!$D11:$R11))=0, "-", SUMPRODUCT(('Matriz Criterios'!$H$27:$V$27="X")*ISNUMBER('Registro Notas'!$D11:$R11)*'Registro Notas'!$D11:$R11)/SUMPRODUCT(('Matriz Criterios'!$H$27:$V$27="X")*ISNUMBER('Registro Notas'!$D11:$R11))) | Y11: =IF(SUMPRODUCT(('Matriz Criterios'!$H$28:$V$28="X")*ISNUMBER('Registro Notas'!$D11:$R11))=0, "-", SUMPRODUCT(('Matriz Criterios'!$H$28:$V$28="X")*ISNUMBER('Registro Notas'!$D11:$R11)*'Registro Notas'!$D11:$R11)/SUMPRODUCT(('Matriz Criterios'!$H$28:$V$28="X")*ISNUMBER('Registro Notas'!$D11:$R11))) | Z11: =IF(SUMPRODUCT(('Matriz Criterios'!$H$29:$V$29="X")*ISNUMBER('Registro Notas'!$D11:$R11))=0, "-", SUMPRODUCT(('Matriz Criterios'!$H$29:$V$29="X")*ISNUMBER('Registro Notas'!$D11:$R11)*'Registro Notas'!$D11:$R11)/SUMPRODUCT(('Matriz Criterios'!$H$29:$V$29="X")*ISNUMBER('Registro Notas'!$D11:$R11))) | AA11: =IF(SUMPRODUCT(('Matriz Criterios'!$H$30:$V$30="X")*ISNUMBER('Registro Notas'!$D11:$R11))=0, "-", SUMPRODUCT(('Matriz Criterios'!$H$30:$V$30="X")*ISNUMBER('Registro Notas'!$D11:$R11)*'Registro Notas'!$D11:$R11)/SUMPRODUCT(('Matriz Criterios'!$H$30:$V$30="X")*ISNUMBER('Registro Notas'!$D11:$R11))) | AB11: =IF(SUMPRODUCT(('Matriz Criterios'!$H$31:$V$31="X")*ISNUMBER('Registro Notas'!$D11:$R11))=0, "-", SUMPRODUCT(('Matriz Criterios'!$H$31:$V$31="X")*ISNUMBER('Registro Notas'!$D11:$R11)*'Registro Notas'!$D11:$R11)/SUMPRODUCT(('Matriz Criterios'!$H$31:$V$31="X")*ISNUMBER('Registro Notas'!$D11:$R11))) | AC11: =IF(SUMPRODUCT(('Matriz Criterios'!$H$32:$V$32="X")*ISNUMBER('Registro Notas'!$D11:$R11))=0, "-", SUMPRODUCT(('Matriz Criterios'!$H$32:$V$32="X")*ISNUMBER('Registro Notas'!$D11:$R11)*'Registro Notas'!$D11:$R11)/SUMPRODUCT(('Matriz Criterios'!$H$32:$V$32="X")*ISNUMBER('Registro Notas'!$D11:$R11))) | AD11: =IF(SUMPRODUCT(('Matriz Criterios'!$H$33:$V$33="X")*ISNUMBER('Registro Notas'!$D11:$R11))=0, "-", SUMPRODUCT(('Matriz Criterios'!$H$33:$V$33="X")*ISNUMBER('Registro Notas'!$D11:$R11)*'Registro Notas'!$D11:$R11)/SUMPRODUCT(('Matriz Criterios'!$H$33:$V$33="X")*ISNUMBER('Registro Notas'!$D11:$R11))) | AE11: =IF(SUMPRODUCT(('Matriz Criterios'!$H$34:$V$34="X")*ISNUMBER('Registro Notas'!$D11:$R11))=0, "-", SUMPRODUCT(('Matriz Criterios'!$H$34:$V$34="X")*ISNUMBER('Registro Notas'!$D11:$R11)*'Registro Notas'!$D11:$R11)/SUMPRODUCT(('Matriz Criterios'!$H$34:$V$34="X")*ISNUMBER('Registro Notas'!$D11:$R11))) | AF11: =IF(SUMPRODUCT(('Matriz Criterios'!$H$35:$V$35="X")*ISNUMBER('Registro Notas'!$D11:$R11))=0, "-", SUMPRODUCT(('Matriz Criterios'!$H$35:$V$35="X")*ISNUMBER('Registro Notas'!$D11:$R11)*'Registro Notas'!$D11:$R11)/SUMPRODUCT(('Matriz Criterios'!$H$35:$V$35="X")*ISNUMBER('Registro Notas'!$D11:$R11))) | AG11: =IF(SUMPRODUCT(('Matriz Criterios'!$H$36:$V$36="X")*ISNUMBER('Registro Notas'!$D11:$R11))=0, "-", SUMPRODUCT(('Matriz Criterios'!$H$36:$V$36="X")*ISNUMBER('Registro Notas'!$D11:$R11)*'Registro Notas'!$D11:$R11)/SUMPRODUCT(('Matriz Criterios'!$H$36:$V$36="X")*ISNUMBER('Registro Notas'!$D11:$R11))) | AH11: =IF(SUMPRODUCT(('Matriz Criterios'!$H$37:$V$37="X")*ISNUMBER('Registro Notas'!$D11:$R11))=0, "-", SUMPRODUCT(('Matriz Criterios'!$H$37:$V$37="X")*ISNUMBER('Registro Notas'!$D11:$R11)*'Registro Notas'!$D11:$R11)/SUMPRODUCT(('Matriz Criterios'!$H$37:$V$37="X")*ISNUMBER('Registro Notas'!$D11:$R11))) | AI11: =IF(SUMPRODUCT(('Matriz Criterios'!$H$38:$V$38="X")*ISNUMBER('Registro Notas'!$D11:$R11))=0, "-", SUMPRODUCT(('Matriz Criterios'!$H$38:$V$38="X")*ISNUMBER('Registro Notas'!$D11:$R11)*'Registro Notas'!$D11:$R11)/SUMPRODUCT(('Matriz Criterios'!$H$38:$V$38="X")*ISNUMBER('Registro Notas'!$D11:$R11))) | AJ11: =IF(SUMPRODUCT(('Matriz Criterios'!$H$39:$V$39="X")*ISNUMBER('Registro Notas'!$D11:$R11))=0, "-", SUMPRODUCT(('Matriz Criterios'!$H$39:$V$39="X")*ISNUMBER('Registro Notas'!$D11:$R11)*'Registro Notas'!$D11:$R11)/SUMPRODUCT(('Matriz Criterios'!$H$39:$V$39="X")*ISNUMBER('Registro Notas'!$D11:$R11))) | AK11: =IF(SUMPRODUCT(('Matriz Criterios'!$H$40:$V$40="X")*ISNUMBER('Registro Notas'!$D11:$R11))=0, "-", SUMPRODUCT(('Matriz Criterios'!$H$40:$V$40="X")*ISNUMBER('Registro Notas'!$D11:$R11)*'Registro Notas'!$D11:$R11)/SUMPRODUCT(('Matriz Criterios'!$H$40:$V$40="X")*ISNUMBER('Registro Notas'!$D11:$R11))) | AL11: =IF(SUMPRODUCT(('Matriz Criterios'!$H$41:$V$41="X")*ISNUMBER('Registro Notas'!$D11:$R11))=0, "-", SUMPRODUCT(('Matriz Criterios'!$H$41:$V$41="X")*ISNUMBER('Registro Notas'!$D11:$R11)*'Registro Notas'!$D11:$R11)/SUMPRODUCT(('Matriz Criterios'!$H$41:$V$41="X")*ISNUMBER('Registro Notas'!$D11:$R11))) | AM11: =IF(SUMPRODUCT(('Matriz Criterios'!$H$42:$V$42="X")*ISNUMBER('Registro Notas'!$D11:$R11))=0, "-", SUMPRODUCT(('Matriz Criterios'!$H$42:$V$42="X")*ISNUMBER('Registro Notas'!$D11:$R11)*'Registro Notas'!$D11:$R11)/SUMPRODUCT(('Matriz Criterios'!$H$42:$V$42="X")*ISNUMBER('Registro Notas'!$D11:$R11))) | AN11: =IF(SUMPRODUCT(('Matriz Criterios'!$H$43:$V$43="X")*ISNUMBER('Registro Notas'!$D11:$R11))=0, "-", SUMPRODUCT(('Matriz Criterios'!$H$43:$V$43="X")*ISNUMBER('Registro Notas'!$D11:$R11)*'Registro Notas'!$D11:$R11)/SUMPRODUCT(('Matriz Criterios'!$H$43:$V$43="X")*ISNUMBER('Registro Notas'!$D11:$R11))) | AO11: =IF(SUMPRODUCT(('Matriz Criterios'!$H$44:$V$44="X")*ISNUMBER('Registro Notas'!$D11:$R11))=0, "-", SUMPRODUCT(('Matriz Criterios'!$H$44:$V$44="X")*ISNUMBER('Registro Notas'!$D11:$R11)*'Registro Notas'!$D11:$R11)/SUMPRODUCT(('Matriz Criterios'!$H$44:$V$44="X")*ISNUMBER('Registro Notas'!$D11:$R11))) | AP11: =IF(SUMPRODUCT(('Matriz Criterios'!$H$45:$V$45="X")*ISNUMBER('Registro Notas'!$D11:$R11))=0, "-", SUMPRODUCT(('Matriz Criterios'!$H$45:$V$45="X")*ISNUMBER('Registro Notas'!$D11:$R11)*'Registro Notas'!$D11:$R11)/SUMPRODUCT(('Matriz Criterios'!$H$45:$V$45="X")*ISNUMBER('Registro Notas'!$D11:$R11))) | AQ11: =AVERAGE(C11:AP11) | AR11: =COUNTIF(C11:AP11, ">=5")
A12: 7 | B12: Herrera Cruz, Marta | C12: =IF(SUMPRODUCT(('Matriz Criterios'!$H$6:$V$6="X")*ISNUMBER('Registro Notas'!$D12:$R12))=0, "-", SUMPRODUCT(('Matriz Criterios'!$H$6:$V$6="X")*ISNUMBER('Registro Notas'!$D12:$R12)*'Registro Notas'!$D12:$R12)/SUMPRODUCT(('Matriz Criterios'!$H$6:$V$6="X")*ISNUMBER('Registro Notas'!$D12:$R12))) | D12: =IF(SUMPRODUCT(('Matriz Criterios'!$H$7:$V$7="X")*ISNUMBER('Registro Notas'!$D12:$R12))=0, "-", SUMPRODUCT(('Matriz Criterios'!$H$7:$V$7="X")*ISNUMBER('Registro Notas'!$D12:$R12)*'Registro Notas'!$D12:$R12)/SUMPRODUCT(('Matriz Criterios'!$H$7:$V$7="X")*ISNUMBER('Registro Notas'!$D12:$R12))) | E12: =IF(SUMPRODUCT(('Matriz Criterios'!$H$8:$V$8="X")*ISNUMBER('Registro Notas'!$D12:$R12))=0, "-", SUMPRODUCT(('Matriz Criterios'!$H$8:$V$8="X")*ISNUMBER('Registro Notas'!$D12:$R12)*'Registro Notas'!$D12:$R12)/SUMPRODUCT(('Matriz Criterios'!$H$8:$V$8="X")*ISNUMBER('Registro Notas'!$D12:$R12))) | F12: =IF(SUMPRODUCT(('Matriz Criterios'!$H$9:$V$9="X")*ISNUMBER('Registro Notas'!$D12:$R12))=0, "-", SUMPRODUCT(('Matriz Criterios'!$H$9:$V$9="X")*ISNUMBER('Registro Notas'!$D12:$R12)*'Registro Notas'!$D12:$R12)/SUMPRODUCT(('Matriz Criterios'!$H$9:$V$9="X")*ISNUMBER('Registro Notas'!$D12:$R12))) | G12: =IF(SUMPRODUCT(('Matriz Criterios'!$H$10:$V$10="X")*ISNUMBER('Registro Notas'!$D12:$R12))=0, "-", SUMPRODUCT(('Matriz Criterios'!$H$10:$V$10="X")*ISNUMBER('Registro Notas'!$D12:$R12)*'Registro Notas'!$D12:$R12)/SUMPRODUCT(('Matriz Criterios'!$H$10:$V$10="X")*ISNUMBER('Registro Notas'!$D12:$R12))) | H12: =IF(SUMPRODUCT(('Matriz Criterios'!$H$11:$V$11="X")*ISNUMBER('Registro Notas'!$D12:$R12))=0, "-", SUMPRODUCT(('Matriz Criterios'!$H$11:$V$11="X")*ISNUMBER('Registro Notas'!$D12:$R12)*'Registro Notas'!$D12:$R12)/SUMPRODUCT(('Matriz Criterios'!$H$11:$V$11="X")*ISNUMBER('Registro Notas'!$D12:$R12))) | I12: =IF(SUMPRODUCT(('Matriz Criterios'!$H$12:$V$12="X")*ISNUMBER('Registro Notas'!$D12:$R12))=0, "-", SUMPRODUCT(('Matriz Criterios'!$H$12:$V$12="X")*ISNUMBER('Registro Notas'!$D12:$R12)*'Registro Notas'!$D12:$R12)/SUMPRODUCT(('Matriz Criterios'!$H$12:$V$12="X")*ISNUMBER('Registro Notas'!$D12:$R12))) | J12: =IF(SUMPRODUCT(('Matriz Criterios'!$H$13:$V$13="X")*ISNUMBER('Registro Notas'!$D12:$R12))=0, "-", SUMPRODUCT(('Matriz Criterios'!$H$13:$V$13="X")*ISNUMBER('Registro Notas'!$D12:$R12)*'Registro Notas'!$D12:$R12)/SUMPRODUCT(('Matriz Criterios'!$H$13:$V$13="X")*ISNUMBER('Registro Notas'!$D12:$R12))) | K12: =IF(SUMPRODUCT(('Matriz Criterios'!$H$14:$V$14="X")*ISNUMBER('Registro Notas'!$D12:$R12))=0, "-", SUMPRODUCT(('Matriz Criterios'!$H$14:$V$14="X")*ISNUMBER('Registro Notas'!$D12:$R12)*'Registro Notas'!$D12:$R12)/SUMPRODUCT(('Matriz Criterios'!$H$14:$V$14="X")*ISNUMBER('Registro Notas'!$D12:$R12))) | L12: =IF(SUMPRODUCT(('Matriz Criterios'!$H$15:$V$15="X")*ISNUMBER('Registro Notas'!$D12:$R12))=0, "-", SUMPRODUCT(('Matriz Criterios'!$H$15:$V$15="X")*ISNUMBER('Registro Notas'!$D12:$R12)*'Registro Notas'!$D12:$R12)/SUMPRODUCT(('Matriz Criterios'!$H$15:$V$15="X")*ISNUMBER('Registro Notas'!$D12:$R12))) | M12: =IF(SUMPRODUCT(('Matriz Criterios'!$H$16:$V$16="X")*ISNUMBER('Registro Notas'!$D12:$R12))=0, "-", SUMPRODUCT(('Matriz Criterios'!$H$16:$V$16="X")*ISNUMBER('Registro Notas'!$D12:$R12)*'Registro Notas'!$D12:$R12)/SUMPRODUCT(('Matriz Criterios'!$H$16:$V$16="X")*ISNUMBER('Registro Notas'!$D12:$R12))) | N12: =IF(SUMPRODUCT(('Matriz Criterios'!$H$17:$V$17="X")*ISNUMBER('Registro Notas'!$D12:$R12))=0, "-", SUMPRODUCT(('Matriz Criterios'!$H$17:$V$17="X")*ISNUMBER('Registro Notas'!$D12:$R12)*'Registro Notas'!$D12:$R12)/SUMPRODUCT(('Matriz Criterios'!$H$17:$V$17="X")*ISNUMBER('Registro Notas'!$D12:$R12))) | O12: =IF(SUMPRODUCT(('Matriz Criterios'!$H$18:$V$18="X")*ISNUMBER('Registro Notas'!$D12:$R12))=0, "-", SUMPRODUCT(('Matriz Criterios'!$H$18:$V$18="X")*ISNUMBER('Registro Notas'!$D12:$R12)*'Registro Notas'!$D12:$R12)/SUMPRODUCT(('Matriz Criterios'!$H$18:$V$18="X")*ISNUMBER('Registro Notas'!$D12:$R12))) | P12: =IF(SUMPRODUCT(('Matriz Criterios'!$H$19:$V$19="X")*ISNUMBER('Registro Notas'!$D12:$R12))=0, "-", SUMPRODUCT(('Matriz Criterios'!$H$19:$V$19="X")*ISNUMBER('Registro Notas'!$D12:$R12)*'Registro Notas'!$D12:$R12)/SUMPRODUCT(('Matriz Criterios'!$H$19:$V$19="X")*ISNUMBER('Registro Notas'!$D12:$R12))) | Q12: =IF(SUMPRODUCT(('Matriz Criterios'!$H$20:$V$20="X")*ISNUMBER('Registro Notas'!$D12:$R12))=0, "-", SUMPRODUCT(('Matriz Criterios'!$H$20:$V$20="X")*ISNUMBER('Registro Notas'!$D12:$R12)*'Registro Notas'!$D12:$R12)/SUMPRODUCT(('Matriz Criterios'!$H$20:$V$20="X")*ISNUMBER('Registro Notas'!$D12:$R12))) | R12: =IF(SUMPRODUCT(('Matriz Criterios'!$H$21:$V$21="X")*ISNUMBER('Registro Notas'!$D12:$R12))=0, "-", SUMPRODUCT(('Matriz Criterios'!$H$21:$V$21="X")*ISNUMBER('Registro Notas'!$D12:$R12)*'Registro Notas'!$D12:$R12)/SUMPRODUCT(('Matriz Criterios'!$H$21:$V$21="X")*ISNUMBER('Registro Notas'!$D12:$R12))) | S12: =IF(SUMPRODUCT(('Matriz Criterios'!$H$22:$V$22="X")*ISNUMBER('Registro Notas'!$D12:$R12))=0, "-", SUMPRODUCT(('Matriz Criterios'!$H$22:$V$22="X")*ISNUMBER('Registro Notas'!$D12:$R12)*'Registro Notas'!$D12:$R12)/SUMPRODUCT(('Matriz Criterios'!$H$22:$V$22="X")*ISNUMBER('Registro Notas'!$D12:$R12))) | T12: =IF(SUMPRODUCT(('Matriz Criterios'!$H$23:$V$23="X")*ISNUMBER('Registro Notas'!$D12:$R12))=0, "-", SUMPRODUCT(('Matriz Criterios'!$H$23:$V$23="X")*ISNUMBER('Registro Notas'!$D12:$R12)*'Registro Notas'!$D12:$R12)/SUMPRODUCT(('Matriz Criterios'!$H$23:$V$23="X")*ISNUMBER('Registro Notas'!$D12:$R12))) | U12: =IF(SUMPRODUCT(('Matriz Criterios'!$H$24:$V$24="X")*ISNUMBER('Registro Notas'!$D12:$R12))=0, "-", SUMPRODUCT(('Matriz Criterios'!$H$24:$V$24="X")*ISNUMBER('Registro Notas'!$D12:$R12)*'Registro Notas'!$D12:$R12)/SUMPRODUCT(('Matriz Criterios'!$H$24:$V$24="X")*ISNUMBER('Registro Notas'!$D12:$R12))) | V12: =IF(SUMPRODUCT(('Matriz Criterios'!$H$25:$V$25="X")*ISNUMBER('Registro Notas'!$D12:$R12))=0, "-", SUMPRODUCT(('Matriz Criterios'!$H$25:$V$25="X")*ISNUMBER('Registro Notas'!$D12:$R12)*'Registro Notas'!$D12:$R12)/SUMPRODUCT(('Matriz Criterios'!$H$25:$V$25="X")*ISNUMBER('Registro Notas'!$D12:$R12))) | W12: =IF(SUMPRODUCT(('Matriz Criterios'!$H$26:$V$26="X")*ISNUMBER('Registro Notas'!$D12:$R12))=0, "-", SUMPRODUCT(('Matriz Criterios'!$H$26:$V$26="X")*ISNUMBER('Registro Notas'!$D12:$R12)*'Registro Notas'!$D12:$R12)/SUMPRODUCT(('Matriz Criterios'!$H$26:$V$26="X")*ISNUMBER('Registro Notas'!$D12:$R12))) | X12: =IF(SUMPRODUCT(('Matriz Criterios'!$H$27:$V$27="X")*ISNUMBER('Registro Notas'!$D12:$R12))=0, "-", SUMPRODUCT(('Matriz Criterios'!$H$27:$V$27="X")*ISNUMBER('Registro Notas'!$D12:$R12)*'Registro Notas'!$D12:$R12)/SUMPRODUCT(('Matriz Criterios'!$H$27:$V$27="X")*ISNUMBER('Registro Notas'!$D12:$R12))) | Y12: =IF(SUMPRODUCT(('Matriz Criterios'!$H$28:$V$28="X")*ISNUMBER('Registro Notas'!$D12:$R12))=0, "-", SUMPRODUCT(('Matriz Criterios'!$H$28:$V$28="X")*ISNUMBER('Registro Notas'!$D12:$R12)*'Registro Notas'!$D12:$R12)/SUMPRODUCT(('Matriz Criterios'!$H$28:$V$28="X")*ISNUMBER('Registro Notas'!$D12:$R12))) | Z12: =IF(SUMPRODUCT(('Matriz Criterios'!$H$29:$V$29="X")*ISNUMBER('Registro Notas'!$D12:$R12))=0, "-", SUMPRODUCT(('Matriz Criterios'!$H$29:$V$29="X")*ISNUMBER('Registro Notas'!$D12:$R12)*'Registro Notas'!$D12:$R12)/SUMPRODUCT(('Matriz Criterios'!$H$29:$V$29="X")*ISNUMBER('Registro Notas'!$D12:$R12))) | AA12: =IF(SUMPRODUCT(('Matriz Criterios'!$H$30:$V$30="X")*ISNUMBER('Registro Notas'!$D12:$R12))=0, "-", SUMPRODUCT(('Matriz Criterios'!$H$30:$V$30="X")*ISNUMBER('Registro Notas'!$D12:$R12)*'Registro Notas'!$D12:$R12)/SUMPRODUCT(('Matriz Criterios'!$H$30:$V$30="X")*ISNUMBER('Registro Notas'!$D12:$R12))) | AB12: =IF(SUMPRODUCT(('Matriz Criterios'!$H$31:$V$31="X")*ISNUMBER('Registro Notas'!$D12:$R12))=0, "-", SUMPRODUCT(('Matriz Criterios'!$H$31:$V$31="X")*ISNUMBER('Registro Notas'!$D12:$R12)*'Registro Notas'!$D12:$R12)/SUMPRODUCT(('Matriz Criterios'!$H$31:$V$31="X")*ISNUMBER('Registro Notas'!$D12:$R12))) | AC12: =IF(SUMPRODUCT(('Matriz Criterios'!$H$32:$V$32="X")*ISNUMBER('Registro Notas'!$D12:$R12))=0, "-", SUMPRODUCT(('Matriz Criterios'!$H$32:$V$32="X")*ISNUMBER('Registro Notas'!$D12:$R12)*'Registro Notas'!$D12:$R12)/SUMPRODUCT(('Matriz Criterios'!$H$32:$V$32="X")*ISNUMBER('Registro Notas'!$D12:$R12))) | AD12: =IF(SUMPRODUCT(('Matriz Criterios'!$H$33:$V$33="X")*ISNUMBER('Registro Notas'!$D12:$R12))=0, "-", SUMPRODUCT(('Matriz Criterios'!$H$33:$V$33="X")*ISNUMBER('Registro Notas'!$D12:$R12)*'Registro Notas'!$D12:$R12)/SUMPRODUCT(('Matriz Criterios'!$H$33:$V$33="X")*ISNUMBER('Registro Notas'!$D12:$R12))) | AE12: =IF(SUMPRODUCT(('Matriz Criterios'!$H$34:$V$34="X")*ISNUMBER('Registro Notas'!$D12:$R12))=0, "-", SUMPRODUCT(('Matriz Criterios'!$H$34:$V$34="X")*ISNUMBER('Registro Notas'!$D12:$R12)*'Registro Notas'!$D12:$R12)/SUMPRODUCT(('Matriz Criterios'!$H$34:$V$34="X")*ISNUMBER('Registro Notas'!$D12:$R12))) | AF12: =IF(SUMPRODUCT(('Matriz Criterios'!$H$35:$V$35="X")*ISNUMBER('Registro Notas'!$D12:$R12))=0, "-", SUMPRODUCT(('Matriz Criterios'!$H$35:$V$35="X")*ISNUMBER('Registro Notas'!$D12:$R12)*'Registro Notas'!$D12:$R12)/SUMPRODUCT(('Matriz Criterios'!$H$35:$V$35="X")*ISNUMBER('Registro Notas'!$D12:$R12))) | AG12: =IF(SUMPRODUCT(('Matriz Criterios'!$H$36:$V$36="X")*ISNUMBER('Registro Notas'!$D12:$R12))=0, "-", SUMPRODUCT(('Matriz Criterios'!$H$36:$V$36="X")*ISNUMBER('Registro Notas'!$D12:$R12)*'Registro Notas'!$D12:$R12)/SUMPRODUCT(('Matriz Criterios'!$H$36:$V$36="X")*ISNUMBER('Registro Notas'!$D12:$R12))) | AH12: =IF(SUMPRODUCT(('Matriz Criterios'!$H$37:$V$37="X")*ISNUMBER('Registro Notas'!$D12:$R12))=0, "-", SUMPRODUCT(('Matriz Criterios'!$H$37:$V$37="X")*ISNUMBER('Registro Notas'!$D12:$R12)*'Registro Notas'!$D12:$R12)/SUMPRODUCT(('Matriz Criterios'!$H$37:$V$37="X")*ISNUMBER('Registro Notas'!$D12:$R12))) | AI12: =IF(SUMPRODUCT(('Matriz Criterios'!$H$38:$V$38="X")*ISNUMBER('Registro Notas'!$D12:$R12))=0, "-", SUMPRODUCT(('Matriz Criterios'!$H$38:$V$38="X")*ISNUMBER('Registro Notas'!$D12:$R12)*'Registro Notas'!$D12:$R12)/SUMPRODUCT(('Matriz Criterios'!$H$38:$V$38="X")*ISNUMBER('Registro Notas'!$D12:$R12))) | AJ12: =IF(SUMPRODUCT(('Matriz Criterios'!$H$39:$V$39="X")*ISNUMBER('Registro Notas'!$D12:$R12))=0, "-", SUMPRODUCT(('Matriz Criterios'!$H$39:$V$39="X")*ISNUMBER('Registro Notas'!$D12:$R12)*'Registro Notas'!$D12:$R12)/SUMPRODUCT(('Matriz Criterios'!$H$39:$V$39="X")*ISNUMBER('Registro Notas'!$D12:$R12))) | AK12: =IF(SUMPRODUCT(('Matriz Criterios'!$H$40:$V$40="X")*ISNUMBER('Registro Notas'!$D12:$R12))=0, "-", SUMPRODUCT(('Matriz Criterios'!$H$40:$V$40="X")*ISNUMBER('Registro Notas'!$D12:$R12)*'Registro Notas'!$D12:$R12)/SUMPRODUCT(('Matriz Criterios'!$H$40:$V$40="X")*ISNUMBER('Registro Notas'!$D12:$R12))) | AL12: =IF(SUMPRODUCT(('Matriz Criterios'!$H$41:$V$41="X")*ISNUMBER('Registro Notas'!$D12:$R12))=0, "-", SUMPRODUCT(('Matriz Criterios'!$H$41:$V$41="X")*ISNUMBER('Registro Notas'!$D12:$R12)*'Registro Notas'!$D12:$R12)/SUMPRODUCT(('Matriz Criterios'!$H$41:$V$41="X")*ISNUMBER('Registro Notas'!$D12:$R12))) | AM12: =IF(SUMPRODUCT(('Matriz Criterios'!$H$42:$V$42="X")*ISNUMBER('Registro Notas'!$D12:$R12))=0, "-", SUMPRODUCT(('Matriz Criterios'!$H$42:$V$42="X")*ISNUMBER('Registro Notas'!$D12:$R12)*'Registro Notas'!$D12:$R12)/SUMPRODUCT(('Matriz Criterios'!$H$42:$V$42="X")*ISNUMBER('Registro Notas'!$D12:$R12))) | AN12: =IF(SUMPRODUCT(('Matriz Criterios'!$H$43:$V$43="X")*ISNUMBER('Registro Notas'!$D12:$R12))=0, "-", SUMPRODUCT(('Matriz Criterios'!$H$43:$V$43="X")*ISNUMBER('Registro Notas'!$D12:$R12)*'Registro Notas'!$D12:$R12)/SUMPRODUCT(('Matriz Criterios'!$H$43:$V$43="X")*ISNUMBER('Registro Notas'!$D12:$R12))) | AO12: =IF(SUMPRODUCT(('Matriz Criterios'!$H$44:$V$44="X")*ISNUMBER('Registro Notas'!$D12:$R12))=0, "-", SUMPRODUCT(('Matriz Criterios'!$H$44:$V$44="X")*ISNUMBER('Registro Notas'!$D12:$R12)*'Registro Notas'!$D12:$R12)/SUMPRODUCT(('Matriz Criterios'!$H$44:$V$44="X")*ISNUMBER('Registro Notas'!$D12:$R12))) | AP12: =IF(SUMPRODUCT(('Matriz Criterios'!$H$45:$V$45="X")*ISNUMBER('Registro Notas'!$D12:$R12))=0, "-", SUMPRODUCT(('Matriz Criterios'!$H$45:$V$45="X")*ISNUMBER('Registro Notas'!$D12:$R12)*'Registro Notas'!$D12:$R12)/SUMPRODUCT(('Matriz Criterios'!$H$45:$V$45="X")*ISNUMBER('Registro Notas'!$D12:$R12))) | AQ12: =AVERAGE(C12:AP12) | AR12: =COUNTIF(C12:AP12, ">=5")
A13: 8 | B13: Jiménez Ortiz, Pablo | C13: =IF(SUMPRODUCT(('Matriz Criterios'!$H$6:$V$6="X")*ISNUMBER('Registro Notas'!$D13:$R13))=0, "-", SUMPRODUCT(('Matriz Criterios'!$H$6:$V$6="X")*ISNUMBER('Registro Notas'!$D13:$R13)*'Registro Notas'!$D13:$R13)/SUMPRODUCT(('Matriz Criterios'!$H$6:$V$6="X")*ISNUMBER('Registro Notas'!$D13:$R13))) | D13: =IF(SUMPRODUCT(('Matriz Criterios'!$H$7:$V$7="X")*ISNUMBER('Registro Notas'!$D13:$R13))=0, "-", SUMPRODUCT(('Matriz Criterios'!$H$7:$V$7="X")*ISNUMBER('Registro Notas'!$D13:$R13)*'Registro Notas'!$D13:$R13)/SUMPRODUCT(('Matriz Criterios'!$H$7:$V$7="X")*ISNUMBER('Registro Notas'!$D13:$R13))) | E13: =IF(SUMPRODUCT(('Matriz Criterios'!$H$8:$V$8="X")*ISNUMBER('Registro Notas'!$D13:$R13))=0, "-", SUMPRODUCT(('Matriz Criterios'!$H$8:$V$8="X")*ISNUMBER('Registro Notas'!$D13:$R13)*'Registro Notas'!$D13:$R13)/SUMPRODUCT(('Matriz Criterios'!$H$8:$V$8="X")*ISNUMBER('Registro Notas'!$D13:$R13))) | F13: =IF(SUMPRODUCT(('Matriz Criterios'!$H$9:$V$9="X")*ISNUMBER('Registro Notas'!$D13:$R13))=0, "-", SUMPRODUCT(('Matriz Criterios'!$H$9:$V$9="X")*ISNUMBER('Registro Notas'!$D13:$R13)*'Registro Notas'!$D13:$R13)/SUMPRODUCT(('Matriz Criterios'!$H$9:$V$9="X")*ISNUMBER('Registro Notas'!$D13:$R13))) | G13: =IF(SUMPRODUCT(('Matriz Criterios'!$H$10:$V$10="X")*ISNUMBER('Registro Notas'!$D13:$R13))=0, "-", SUMPRODUCT(('Matriz Criterios'!$H$10:$V$10="X")*ISNUMBER('Registro Notas'!$D13:$R13)*'Registro Notas'!$D13:$R13)/SUMPRODUCT(('Matriz Criterios'!$H$10:$V$10="X")*ISNUMBER('Registro Notas'!$D13:$R13))) | H13: =IF(SUMPRODUCT(('Matriz Criterios'!$H$11:$V$11="X")*ISNUMBER('Registro Notas'!$D13:$R13))=0, "-", SUMPRODUCT(('Matriz Criterios'!$H$11:$V$11="X")*ISNUMBER('Registro Notas'!$D13:$R13)*'Registro Notas'!$D13:$R13)/SUMPRODUCT(('Matriz Criterios'!$H$11:$V$11="X")*ISNUMBER('Registro Notas'!$D13:$R13))) | I13: =IF(SUMPRODUCT(('Matriz Criterios'!$H$12:$V$12="X")*ISNUMBER('Registro Notas'!$D13:$R13))=0, "-", SUMPRODUCT(('Matriz Criterios'!$H$12:$V$12="X")*ISNUMBER('Registro Notas'!$D13:$R13)*'Registro Notas'!$D13:$R13)/SUMPRODUCT(('Matriz Criterios'!$H$12:$V$12="X")*ISNUMBER('Registro Notas'!$D13:$R13))) | J13: =IF(SUMPRODUCT(('Matriz Criterios'!$H$13:$V$13="X")*ISNUMBER('Registro Notas'!$D13:$R13))=0, "-", SUMPRODUCT(('Matriz Criterios'!$H$13:$V$13="X")*ISNUMBER('Registro Notas'!$D13:$R13)*'Registro Notas'!$D13:$R13)/SUMPRODUCT(('Matriz Criterios'!$H$13:$V$13="X")*ISNUMBER('Registro Notas'!$D13:$R13))) | K13: =IF(SUMPRODUCT(('Matriz Criterios'!$H$14:$V$14="X")*ISNUMBER('Registro Notas'!$D13:$R13))=0, "-", SUMPRODUCT(('Matriz Criterios'!$H$14:$V$14="X")*ISNUMBER('Registro Notas'!$D13:$R13)*'Registro Notas'!$D13:$R13)/SUMPRODUCT(('Matriz Criterios'!$H$14:$V$14="X")*ISNUMBER('Registro Notas'!$D13:$R13))) | L13: =IF(SUMPRODUCT(('Matriz Criterios'!$H$15:$V$15="X")*ISNUMBER('Registro Notas'!$D13:$R13))=0, "-", SUMPRODUCT(('Matriz Criterios'!$H$15:$V$15="X")*ISNUMBER('Registro Notas'!$D13:$R13)*'Registro Notas'!$D13:$R13)/SUMPRODUCT(('Matriz Criterios'!$H$15:$V$15="X")*ISNUMBER('Registro Notas'!$D13:$R13))) | M13: =IF(SUMPRODUCT(('Matriz Criterios'!$H$16:$V$16="X")*ISNUMBER('Registro Notas'!$D13:$R13))=0, "-", SUMPRODUCT(('Matriz Criterios'!$H$16:$V$16="X")*ISNUMBER('Registro Notas'!$D13:$R13)*'Registro Notas'!$D13:$R13)/SUMPRODUCT(('Matriz Criterios'!$H$16:$V$16="X")*ISNUMBER('Registro Notas'!$D13:$R13))) | N13: =IF(SUMPRODUCT(('Matriz Criterios'!$H$17:$V$17="X")*ISNUMBER('Registro Notas'!$D13:$R13))=0, "-", SUMPRODUCT(('Matriz Criterios'!$H$17:$V$17="X")*ISNUMBER('Registro Notas'!$D13:$R13)*'Registro Notas'!$D13:$R13)/SUMPRODUCT(('Matriz Criterios'!$H$17:$V$17="X")*ISNUMBER('Registro Notas'!$D13:$R13))) | O13: =IF(SUMPRODUCT(('Matriz Criterios'!$H$18:$V$18="X")*ISNUMBER('Registro Notas'!$D13:$R13))=0, "-", SUMPRODUCT(('Matriz Criterios'!$H$18:$V$18="X")*ISNUMBER('Registro Notas'!$D13:$R13)*'Registro Notas'!$D13:$R13)/SUMPRODUCT(('Matriz Criterios'!$H$18:$V$18="X")*ISNUMBER('Registro Notas'!$D13:$R13))) | P13: =IF(SUMPRODUCT(('Matriz Criterios'!$H$19:$V$19="X")*ISNUMBER('Registro Notas'!$D13:$R13))=0, "-", SUMPRODUCT(('Matriz Criterios'!$H$19:$V$19="X")*ISNUMBER('Registro Notas'!$D13:$R13)*'Registro Notas'!$D13:$R13)/SUMPRODUCT(('Matriz Criterios'!$H$19:$V$19="X")*ISNUMBER('Registro Notas'!$D13:$R13))) | Q13: =IF(SUMPRODUCT(('Matriz Criterios'!$H$20:$V$20="X")*ISNUMBER('Registro Notas'!$D13:$R13))=0, "-", SUMPRODUCT(('Matriz Criterios'!$H$20:$V$20="X")*ISNUMBER('Registro Notas'!$D13:$R13)*'Registro Notas'!$D13:$R13)/SUMPRODUCT(('Matriz Criterios'!$H$20:$V$20="X")*ISNUMBER('Registro Notas'!$D13:$R13))) | R13: =IF(SUMPRODUCT(('Matriz Criterios'!$H$21:$V$21="X")*ISNUMBER('Registro Notas'!$D13:$R13))=0, "-", SUMPRODUCT(('Matriz Criterios'!$H$21:$V$21="X")*ISNUMBER('Registro Notas'!$D13:$R13)*'Registro Notas'!$D13:$R13)/SUMPRODUCT(('Matriz Criterios'!$H$21:$V$21="X")*ISNUMBER('Registro Notas'!$D13:$R13))) | S13: =IF(SUMPRODUCT(('Matriz Criterios'!$H$22:$V$22="X")*ISNUMBER('Registro Notas'!$D13:$R13))=0, "-", SUMPRODUCT(('Matriz Criterios'!$H$22:$V$22="X")*ISNUMBER('Registro Notas'!$D13:$R13)*'Registro Notas'!$D13:$R13)/SUMPRODUCT(('Matriz Criterios'!$H$22:$V$22="X")*ISNUMBER('Registro Notas'!$D13:$R13))) | T13: =IF(SUMPRODUCT(('Matriz Criterios'!$H$23:$V$23="X")*ISNUMBER('Registro Notas'!$D13:$R13))=0, "-", SUMPRODUCT(('Matriz Criterios'!$H$23:$V$23="X")*ISNUMBER('Registro Notas'!$D13:$R13)*'Registro Notas'!$D13:$R13)/SUMPRODUCT(('Matriz Criterios'!$H$23:$V$23="X")*ISNUMBER('Registro Notas'!$D13:$R13))) | U13: =IF(SUMPRODUCT(('Matriz Criterios'!$H$24:$V$24="X")*ISNUMBER('Registro Notas'!$D13:$R13))=0, "-", SUMPRODUCT(('Matriz Criterios'!$H$24:$V$24="X")*ISNUMBER('Registro Notas'!$D13:$R13)*'Registro Notas'!$D13:$R13)/SUMPRODUCT(('Matriz Criterios'!$H$24:$V$24="X")*ISNUMBER('Registro Notas'!$D13:$R13))) | V13: =IF(SUMPRODUCT(('Matriz Criterios'!$H$25:$V$25="X")*ISNUMBER('Registro Notas'!$D13:$R13))=0, "-", SUMPRODUCT(('Matriz Criterios'!$H$25:$V$25="X")*ISNUMBER('Registro Notas'!$D13:$R13)*'Registro Notas'!$D13:$R13)/SUMPRODUCT(('Matriz Criterios'!$H$25:$V$25="X")*ISNUMBER('Registro Notas'!$D13:$R13))) | W13: =IF(SUMPRODUCT(('Matriz Criterios'!$H$26:$V$26="X")*ISNUMBER('Registro Notas'!$D13:$R13))=0, "-", SUMPRODUCT(('Matriz Criterios'!$H$26:$V$26="X")*ISNUMBER('Registro Notas'!$D13:$R13)*'Registro Notas'!$D13:$R13)/SUMPRODUCT(('Matriz Criterios'!$H$26:$V$26="X")*ISNUMBER('Registro Notas'!$D13:$R13))) | X13: =IF(SUMPRODUCT(('Matriz Criterios'!$H$27:$V$27="X")*ISNUMBER('Registro Notas'!$D13:$R13))=0, "-", SUMPRODUCT(('Matriz Criterios'!$H$27:$V$27="X")*ISNUMBER('Registro Notas'!$D13:$R13)*'Registro Notas'!$D13:$R13)/SUMPRODUCT(('Matriz Criterios'!$H$27:$V$27="X")*ISNUMBER('Registro Notas'!$D13:$R13))) | Y13: =IF(SUMPRODUCT(('Matriz Criterios'!$H$28:$V$28="X")*ISNUMBER('Registro Notas'!$D13:$R13))=0, "-", SUMPRODUCT(('Matriz Criterios'!$H$28:$V$28="X")*ISNUMBER('Registro Notas'!$D13:$R13)*'Registro Notas'!$D13:$R13)/SUMPRODUCT(('Matriz Criterios'!$H$28:$V$28="X")*ISNUMBER('Registro Notas'!$D13:$R13))) | Z13: =IF(SUMPRODUCT(('Matriz Criterios'!$H$29:$V$29="X")*ISNUMBER('Registro Notas'!$D13:$R13))=0, "-", SUMPRODUCT(('Matriz Criterios'!$H$29:$V$29="X")*ISNUMBER('Registro Notas'!$D13:$R13)*'Registro Notas'!$D13:$R13)/SUMPRODUCT(('Matriz Criterios'!$H$29:$V$29="X")*ISNUMBER('Registro Notas'!$D13:$R13))) | AA13: =IF(SUMPRODUCT(('Matriz Criterios'!$H$30:$V$30="X")*ISNUMBER('Registro Notas'!$D13:$R13))=0, "-", SUMPRODUCT(('Matriz Criterios'!$H$30:$V$30="X")*ISNUMBER('Registro Notas'!$D13:$R13)*'Registro Notas'!$D13:$R13)/SUMPRODUCT(('Matriz Criterios'!$H$30:$V$30="X")*ISNUMBER('Registro Notas'!$D13:$R13))) | AB13: =IF(SUMPRODUCT(('Matriz Criterios'!$H$31:$V$31="X")*ISNUMBER('Registro Notas'!$D13:$R13))=0, "-", SUMPRODUCT(('Matriz Criterios'!$H$31:$V$31="X")*ISNUMBER('Registro Notas'!$D13:$R13)*'Registro Notas'!$D13:$R13)/SUMPRODUCT(('Matriz Criterios'!$H$31:$V$31="X")*ISNUMBER('Registro Notas'!$D13:$R13))) | AC13: =IF(SUMPRODUCT(('Matriz Criterios'!$H$32:$V$32="X")*ISNUMBER('Registro Notas'!$D13:$R13))=0, "-", SUMPRODUCT(('Matriz Criterios'!$H$32:$V$32="X")*ISNUMBER('Registro Notas'!$D13:$R13)*'Registro Notas'!$D13:$R13)/SUMPRODUCT(('Matriz Criterios'!$H$32:$V$32="X")*ISNUMBER('Registro Notas'!$D13:$R13))) | AD13: =IF(SUMPRODUCT(('Matriz Criterios'!$H$33:$V$33="X")*ISNUMBER('Registro Notas'!$D13:$R13))=0, "-", SUMPRODUCT(('Matriz Criterios'!$H$33:$V$33="X")*ISNUMBER('Registro Notas'!$D13:$R13)*'Registro Notas'!$D13:$R13)/SUMPRODUCT(('Matriz Criterios'!$H$33:$V$33="X")*ISNUMBER('Registro Notas'!$D13:$R13))) | AE13: =IF(SUMPRODUCT(('Matriz Criterios'!$H$34:$V$34="X")*ISNUMBER('Registro Notas'!$D13:$R13))=0, "-", SUMPRODUCT(('Matriz Criterios'!$H$34:$V$34="X")*ISNUMBER('Registro Notas'!$D13:$R13)*'Registro Notas'!$D13:$R13)/SUMPRODUCT(('Matriz Criterios'!$H$34:$V$34="X")*ISNUMBER('Registro Notas'!$D13:$R13))) | AF13: =IF(SUMPRODUCT(('Matriz Criterios'!$H$35:$V$35="X")*ISNUMBER('Registro Notas'!$D13:$R13))=0, "-", SUMPRODUCT(('Matriz Criterios'!$H$35:$V$35="X")*ISNUMBER('Registro Notas'!$D13:$R13)*'Registro Notas'!$D13:$R13)/SUMPRODUCT(('Matriz Criterios'!$H$35:$V$35="X")*ISNUMBER('Registro Notas'!$D13:$R13))) | AG13: =IF(SUMPRODUCT(('Matriz Criterios'!$H$36:$V$36="X")*ISNUMBER('Registro Notas'!$D13:$R13))=0, "-", SUMPRODUCT(('Matriz Criterios'!$H$36:$V$36="X")*ISNUMBER('Registro Notas'!$D13:$R13)*'Registro Notas'!$D13:$R13)/SUMPRODUCT(('Matriz Criterios'!$H$36:$V$36="X")*ISNUMBER('Registro Notas'!$D13:$R13))) | AH13: =IF(SUMPRODUCT(('Matriz Criterios'!$H$37:$V$37="X")*ISNUMBER('Registro Notas'!$D13:$R13))=0, "-", SUMPRODUCT(('Matriz Criterios'!$H$37:$V$37="X")*ISNUMBER('Registro Notas'!$D13:$R13)*'Registro Notas'!$D13:$R13)/SUMPRODUCT(('Matriz Criterios'!$H$37:$V$37="X")*ISNUMBER('Registro Notas'!$D13:$R13))) | AI13: =IF(SUMPRODUCT(('Matriz Criterios'!$H$38:$V$38="X")*ISNUMBER('Registro Notas'!$D13:$R13))=0, "-", SUMPRODUCT(('Matriz Criterios'!$H$38:$V$38="X")*ISNUMBER('Registro Notas'!$D13:$R13)*'Registro Notas'!$D13:$R13)/SUMPRODUCT(('Matriz Criterios'!$H$38:$V$38="X")*ISNUMBER('Registro Notas'!$D13:$R13))) | AJ13: =IF(SUMPRODUCT(('Matriz Criterios'!$H$39:$V$39="X")*ISNUMBER('Registro Notas'!$D13:$R13))=0, "-", SUMPRODUCT(('Matriz Criterios'!$H$39:$V$39="X")*ISNUMBER('Registro Notas'!$D13:$R13)*'Registro Notas'!$D13:$R13)/SUMPRODUCT(('Matriz Criterios'!$H$39:$V$39="X")*ISNUMBER('Registro Notas'!$D13:$R13))) | AK13: =IF(SUMPRODUCT(('Matriz Criterios'!$H$40:$V$40="X")*ISNUMBER('Registro Notas'!$D13:$R13))=0, "-", SUMPRODUCT(('Matriz Criterios'!$H$40:$V$40="X")*ISNUMBER('Registro Notas'!$D13:$R13)*'Registro Notas'!$D13:$R13)/SUMPRODUCT(('Matriz Criterios'!$H$40:$V$40="X")*ISNUMBER('Registro Notas'!$D13:$R13))) | AL13: =IF(SUMPRODUCT(('Matriz Criterios'!$H$41:$V$41="X")*ISNUMBER('Registro Notas'!$D13:$R13))=0, "-", SUMPRODUCT(('Matriz Criterios'!$H$41:$V$41="X")*ISNUMBER('Registro Notas'!$D13:$R13)*'Registro Notas'!$D13:$R13)/SUMPRODUCT(('Matriz Criterios'!$H$41:$V$41="X")*ISNUMBER('Registro Notas'!$D13:$R13))) | AM13: =IF(SUMPRODUCT(('Matriz Criterios'!$H$42:$V$42="X")*ISNUMBER('Registro Notas'!$D13:$R13))=0, "-", SUMPRODUCT(('Matriz Criterios'!$H$42:$V$42="X")*ISNUMBER('Registro Notas'!$D13:$R13)*'Registro Notas'!$D13:$R13)/SUMPRODUCT(('Matriz Criterios'!$H$42:$V$42="X")*ISNUMBER('Registro Notas'!$D13:$R13))) | AN13: =IF(SUMPRODUCT(('Matriz Criterios'!$H$43:$V$43="X")*ISNUMBER('Registro Notas'!$D13:$R13))=0, "-", SUMPRODUCT(('Matriz Criterios'!$H$43:$V$43="X")*ISNUMBER('Registro Notas'!$D13:$R13)*'Registro Notas'!$D13:$R13)/SUMPRODUCT(('Matriz Criterios'!$H$43:$V$43="X")*ISNUMBER('Registro Notas'!$D13:$R13))) | AO13: =IF(SUMPRODUCT(('Matriz Criterios'!$H$44:$V$44="X")*ISNUMBER('Registro Notas'!$D13:$R13))=0, "-", SUMPRODUCT(('Matriz Criterios'!$H$44:$V$44="X")*ISNUMBER('Registro Notas'!$D13:$R13)*'Registro Notas'!$D13:$R13)/SUMPRODUCT(('Matriz Criterios'!$H$44:$V$44="X")*ISNUMBER('Registro Notas'!$D13:$R13))) | AP13: =IF(SUMPRODUCT(('Matriz Criterios'!$H$45:$V$45="X")*ISNUMBER('Registro Notas'!$D13:$R13))=0, "-", SUMPRODUCT(('Matriz Criterios'!$H$45:$V$45="X")*ISNUMBER('Registro Notas'!$D13:$R13)*'Registro Notas'!$D13:$R13)/SUMPRODUCT(('Matriz Criterios'!$H$45:$V$45="X")*ISNUMBER('Registro Notas'!$D13:$R13))) | AQ13: =AVERAGE(C13:AP13) | AR13: =COUNTIF(C13:AP13, ">=5")
A14: 9 | B14: López Molina, Sara | C14: =IF(SUMPRODUCT(('Matriz Criterios'!$H$6:$V$6="X")*ISNUMBER('Registro Notas'!$D14:$R14))=0, "-", SUMPRODUCT(('Matriz Criterios'!$H$6:$V$6="X")*ISNUMBER('Registro Notas'!$D14:$R14)*'Registro Notas'!$D14:$R14)/SUMPRODUCT(('Matriz Criterios'!$H$6:$V$6="X")*ISNUMBER('Registro Notas'!$D14:$R14))) | D14: =IF(SUMPRODUCT(('Matriz Criterios'!$H$7:$V$7="X")*ISNUMBER('Registro Notas'!$D14:$R14))=0, "-", SUMPRODUCT(('Matriz Criterios'!$H$7:$V$7="X")*ISNUMBER('Registro Notas'!$D14:$R14)*'Registro Notas'!$D14:$R14)/SUMPRODUCT(('Matriz Criterios'!$H$7:$V$7="X")*ISNUMBER('Registro Notas'!$D14:$R14))) | E14: =IF(SUMPRODUCT(('Matriz Criterios'!$H$8:$V$8="X")*ISNUMBER('Registro Notas'!$D14:$R14))=0, "-", SUMPRODUCT(('Matriz Criterios'!$H$8:$V$8="X")*ISNUMBER('Registro Notas'!$D14:$R14)*'Registro Notas'!$D14:$R14)/SUMPRODUCT(('Matriz Criterios'!$H$8:$V$8="X")*ISNUMBER('Registro Notas'!$D14:$R14))) | F14: =IF(SUMPRODUCT(('Matriz Criterios'!$H$9:$V$9="X")*ISNUMBER('Registro Notas'!$D14:$R14))=0, "-", SUMPRODUCT(('Matriz Criterios'!$H$9:$V$9="X")*ISNUMBER('Registro Notas'!$D14:$R14)*'Registro Notas'!$D14:$R14)/SUMPRODUCT(('Matriz Criterios'!$H$9:$V$9="X")*ISNUMBER('Registro Notas'!$D14:$R14))) | G14: =IF(SUMPRODUCT(('Matriz Criterios'!$H$10:$V$10="X")*ISNUMBER('Registro Notas'!$D14:$R14))=0, "-", SUMPRODUCT(('Matriz Criterios'!$H$10:$V$10="X")*ISNUMBER('Registro Notas'!$D14:$R14)*'Registro Notas'!$D14:$R14)/SUMPRODUCT(('Matriz Criterios'!$H$10:$V$10="X")*ISNUMBER('Registro Notas'!$D14:$R14))) | H14: =IF(SUMPRODUCT(('Matriz Criterios'!$H$11:$V$11="X")*ISNUMBER('Registro Notas'!$D14:$R14))=0, "-", SUMPRODUCT(('Matriz Criterios'!$H$11:$V$11="X")*ISNUMBER('Registro Notas'!$D14:$R14)*'Registro Notas'!$D14:$R14)/SUMPRODUCT(('Matriz Criterios'!$H$11:$V$11="X")*ISNUMBER('Registro Notas'!$D14:$R14))) | I14: =IF(SUMPRODUCT(('Matriz Criterios'!$H$12:$V$12="X")*ISNUMBER('Registro Notas'!$D14:$R14))=0, "-", SUMPRODUCT(('Matriz Criterios'!$H$12:$V$12="X")*ISNUMBER('Registro Notas'!$D14:$R14)*'Registro Notas'!$D14:$R14)/SUMPRODUCT(('Matriz Criterios'!$H$12:$V$12="X")*ISNUMBER('Registro Notas'!$D14:$R14))) | J14: =IF(SUMPRODUCT(('Matriz Criterios'!$H$13:$V$13="X")*ISNUMBER('Registro Notas'!$D14:$R14))=0, "-", SUMPRODUCT(('Matriz Criterios'!$H$13:$V$13="X")*ISNUMBER('Registro Notas'!$D14:$R14)*'Registro Notas'!$D14:$R14)/SUMPRODUCT(('Matriz Criterios'!$H$13:$V$13="X")*ISNUMBER('Registro Notas'!$D14:$R14))) | K14: =IF(SUMPRODUCT(('Matriz Criterios'!$H$14:$V$14="X")*ISNUMBER('Registro Notas'!$D14:$R14))=0, "-", SUMPRODUCT(('Matriz Criterios'!$H$14:$V$14="X")*ISNUMBER('Registro Notas'!$D14:$R14)*'Registro Notas'!$D14:$R14)/SUMPRODUCT(('Matriz Criterios'!$H$14:$V$14="X")*ISNUMBER('Registro Notas'!$D14:$R14))) | L14: =IF(SUMPRODUCT(('Matriz Criterios'!$H$15:$V$15="X")*ISNUMBER('Registro Notas'!$D14:$R14))=0, "-", SUMPRODUCT(('Matriz Criterios'!$H$15:$V$15="X")*ISNUMBER('Registro Notas'!$D14:$R14)*'Registro Notas'!$D14:$R14)/SUMPRODUCT(('Matriz Criterios'!$H$15:$V$15="X")*ISNUMBER('Registro Notas'!$D14:$R14))) | M14: =IF(SUMPRODUCT(('Matriz Criterios'!$H$16:$V$16="X")*ISNUMBER('Registro Notas'!$D14:$R14))=0, "-", SUMPRODUCT(('Matriz Criterios'!$H$16:$V$16="X")*ISNUMBER('Registro Notas'!$D14:$R14)*'Registro Notas'!$D14:$R14)/SUMPRODUCT(('Matriz Criterios'!$H$16:$V$16="X")*ISNUMBER('Registro Notas'!$D14:$R14))) | N14: =IF(SUMPRODUCT(('Matriz Criterios'!$H$17:$V$17="X")*ISNUMBER('Registro Notas'!$D14:$R14))=0, "-", SUMPRODUCT(('Matriz Criterios'!$H$17:$V$17="X")*ISNUMBER('Registro Notas'!$D14:$R14)*'Registro Notas'!$D14:$R14)/SUMPRODUCT(('Matriz Criterios'!$H$17:$V$17="X")*ISNUMBER('Registro Notas'!$D14:$R14))) | O14: =IF(SUMPRODUCT(('Matriz Criterios'!$H$18:$V$18="X")*ISNUMBER('Registro Notas'!$D14:$R14))=0, "-", SUMPRODUCT(('Matriz Criterios'!$H$18:$V$18="X")*ISNUMBER('Registro Notas'!$D14:$R14)*'Registro Notas'!$D14:$R14)/SUMPRODUCT(('Matriz Criterios'!$H$18:$V$18="X")*ISNUMBER('Registro Notas'!$D14:$R14))) | P14: =IF(SUMPRODUCT(('Matriz Criterios'!$H$19:$V$19="X")*ISNUMBER('Registro Notas'!$D14:$R14))=0, "-", SUMPRODUCT(('Matriz Criterios'!$H$19:$V$19="X")*ISNUMBER('Registro Notas'!$D14:$R14)*'Registro Notas'!$D14:$R14)/SUMPRODUCT(('Matriz Criterios'!$H$19:$V$19="X")*ISNUMBER('Registro Notas'!$D14:$R14))) | Q14: =IF(SUMPRODUCT(('Matriz Criterios'!$H$20:$V$20="X")*ISNUMBER('Registro Notas'!$D14:$R14))=0, "-", SUMPRODUCT(('Matriz Criterios'!$H$20:$V$20="X")*ISNUMBER('Registro Notas'!$D14:$R14)*'Registro Notas'!$D14:$R14)/SUMPRODUCT(('Matriz Criterios'!$H$20:$V$20="X")*ISNUMBER('Registro Notas'!$D14:$R14))) | R14: =IF(SUMPRODUCT(('Matriz Criterios'!$H$21:$V$21="X")*ISNUMBER('Registro Notas'!$D14:$R14))=0, "-", SUMPRODUCT(('Matriz Criterios'!$H$21:$V$21="X")*ISNUMBER('Registro Notas'!$D14:$R14)*'Registro Notas'!$D14:$R14)/SUMPRODUCT(('Matriz Criterios'!$H$21:$V$21="X")*ISNUMBER('Registro Notas'!$D14:$R14))) | S14: =IF(SUMPRODUCT(('Matriz Criterios'!$H$22:$V$22="X")*ISNUMBER('Registro Notas'!$D14:$R14))=0, "-", SUMPRODUCT(('Matriz Criterios'!$H$22:$V$22="X")*ISNUMBER('Registro Notas'!$D14:$R14)*'Registro Notas'!$D14:$R14)/SUMPRODUCT(('Matriz Criterios'!$H$22:$V$22="X")*ISNUMBER('Registro Notas'!$D14:$R14))) | T14: =IF(SUMPRODUCT(('Matriz Criterios'!$H$23:$V$23="X")*ISNUMBER('Registro Notas'!$D14:$R14))=0, "-", SUMPRODUCT(('Matriz Criterios'!$H$23:$V$23="X")*ISNUMBER('Registro Notas'!$D14:$R14)*'Registro Notas'!$D14:$R14)/SUMPRODUCT(('Matriz Criterios'!$H$23:$V$23="X")*ISNUMBER('Registro Notas'!$D14:$R14))) | U14: =IF(SUMPRODUCT(('Matriz Criterios'!$H$24:$V$24="X")*ISNUMBER('Registro Notas'!$D14:$R14))=0, "-", SUMPRODUCT(('Matriz Criterios'!$H$24:$V$24="X")*ISNUMBER('Registro Notas'!$D14:$R14)*'Registro Notas'!$D14:$R14)/SUMPRODUCT(('Matriz Criterios'!$H$24:$V$24="X")*ISNUMBER('Registro Notas'!$D14:$R14))) | V14: =IF(SUMPRODUCT(('Matriz Criterios'!$H$25:$V$25="X")*ISNUMBER('Registro Notas'!$D14:$R14))=0, "-", SUMPRODUCT(('Matriz Criterios'!$H$25:$V$25="X")*ISNUMBER('Registro Notas'!$D14:$R14)*'Registro Notas'!$D14:$R14)/SUMPRODUCT(('Matriz Criterios'!$H$25:$V$25="X")*ISNUMBER('Registro Notas'!$D14:$R14))) | W14: =IF(SUMPRODUCT(('Matriz Criterios'!$H$26:$V$26="X")*ISNUMBER('Registro Notas'!$D14:$R14))=0, "-", SUMPRODUCT(('Matriz Criterios'!$H$26:$V$26="X")*ISNUMBER('Registro Notas'!$D14:$R14)*'Registro Notas'!$D14:$R14)/SUMPRODUCT(('Matriz Criterios'!$H$26:$V$26="X")*ISNUMBER('Registro Notas'!$D14:$R14))) | X14: =IF(SUMPRODUCT(('Matriz Criterios'!$H$27:$V$27="X")*ISNUMBER('Registro Notas'!$D14:$R14))=0, "-", SUMPRODUCT(('Matriz Criterios'!$H$27:$V$27="X")*ISNUMBER('Registro Notas'!$D14:$R14)*'Registro Notas'!$D14:$R14)/SUMPRODUCT(('Matriz Criterios'!$H$27:$V$27="X")*ISNUMBER('Registro Notas'!$D14:$R14))) | Y14: =IF(SUMPRODUCT(('Matriz Criterios'!$H$28:$V$28="X")*ISNUMBER('Registro Notas'!$D14:$R14))=0, "-", SUMPRODUCT(('Matriz Criterios'!$H$28:$V$28="X")*ISNUMBER('Registro Notas'!$D14:$R14)*'Registro Notas'!$D14:$R14)/SUMPRODUCT(('Matriz Criterios'!$H$28:$V$28="X")*ISNUMBER('Registro Notas'!$D14:$R14))) | Z14: =IF(SUMPRODUCT(('Matriz Criterios'!$H$29:$V$29="X")*ISNUMBER('Registro Notas'!$D14:$R14))=0, "-", SUMPRODUCT(('Matriz Criterios'!$H$29:$V$29="X")*ISNUMBER('Registro Notas'!$D14:$R14)*'Registro Notas'!$D14:$R14)/SUMPRODUCT(('Matriz Criterios'!$H$29:$V$29="X")*ISNUMBER('Registro Notas'!$D14:$R14))) | AA14: =IF(SUMPRODUCT(('Matriz Criterios'!$H$30:$V$30="X")*ISNUMBER('Registro Notas'!$D14:$R14))=0, "-", SUMPRODUCT(('Matriz Criterios'!$H$30:$V$30="X")*ISNUMBER('Registro Notas'!$D14:$R14)*'Registro Notas'!$D14:$R14)/SUMPRODUCT(('Matriz Criterios'!$H$30:$V$30="X")*ISNUMBER('Registro Notas'!$D14:$R14))) | AB14: =IF(SUMPRODUCT(('Matriz Criterios'!$H$31:$V$31="X")*ISNUMBER('Registro Notas'!$D14:$R14))=0, "-", SUMPRODUCT(('Matriz Criterios'!$H$31:$V$31="X")*ISNUMBER('Registro Notas'!$D14:$R14)*'Registro Notas'!$D14:$R14)/SUMPRODUCT(('Matriz Criterios'!$H$31:$V$31="X")*ISNUMBER('Registro Notas'!$D14:$R14))) | AC14: =IF(SUMPRODUCT(('Matriz Criterios'!$H$32:$V$32="X")*ISNUMBER('Registro Notas'!$D14:$R14))=0, "-", SUMPRODUCT(('Matriz Criterios'!$H$32:$V$32="X")*ISNUMBER('Registro Notas'!$D14:$R14)*'Registro Notas'!$D14:$R14)/SUMPRODUCT(('Matriz Criterios'!$H$32:$V$32="X")*ISNUMBER('Registro Notas'!$D14:$R14))) | AD14: =IF(SUMPRODUCT(('Matriz Criterios'!$H$33:$V$33="X")*ISNUMBER('Registro Notas'!$D14:$R14))=0, "-", SUMPRODUCT(('Matriz Criterios'!$H$33:$V$33="X")*ISNUMBER('Registro Notas'!$D14:$R14)*'Registro Notas'!$D14:$R14)/SUMPRODUCT(('Matriz Criterios'!$H$33:$V$33="X")*ISNUMBER('Registro Notas'!$D14:$R14))) | AE14: =IF(SUMPRODUCT(('Matriz Criterios'!$H$34:$V$34="X")*ISNUMBER('Registro Notas'!$D14:$R14))=0, "-", SUMPRODUCT(('Matriz Criterios'!$H$34:$V$34="X")*ISNUMBER('Registro Notas'!$D14:$R14)*'Registro Notas'!$D14:$R14)/SUMPRODUCT(('Matriz Criterios'!$H$34:$V$34="X")*ISNUMBER('Registro Notas'!$D14:$R14))) | AF14: =IF(SUMPRODUCT(('Matriz Criterios'!$H$35:$V$35="X")*ISNUMBER('Registro Notas'!$D14:$R14))=0, "-", SUMPRODUCT(('Matriz Criterios'!$H$35:$V$35="X")*ISNUMBER('Registro Notas'!$D14:$R14)*'Registro Notas'!$D14:$R14)/SUMPRODUCT(('Matriz Criterios'!$H$35:$V$35="X")*ISNUMBER('Registro Notas'!$D14:$R14))) | AG14: =IF(SUMPRODUCT(('Matriz Criterios'!$H$36:$V$36="X")*ISNUMBER('Registro Notas'!$D14:$R14))=0, "-", SUMPRODUCT(('Matriz Criterios'!$H$36:$V$36="X")*ISNUMBER('Registro Notas'!$D14:$R14)*'Registro Notas'!$D14:$R14)/SUMPRODUCT(('Matriz Criterios'!$H$36:$V$36="X")*ISNUMBER('Registro Notas'!$D14:$R14))) | AH14: =IF(SUMPRODUCT(('Matriz Criterios'!$H$37:$V$37="X")*ISNUMBER('Registro Notas'!$D14:$R14))=0, "-", SUMPRODUCT(('Matriz Criterios'!$H$37:$V$37="X")*ISNUMBER('Registro Notas'!$D14:$R14)*'Registro Notas'!$D14:$R14)/SUMPRODUCT(('Matriz Criterios'!$H$37:$V$37="X")*ISNUMBER('Registro Notas'!$D14:$R14))) | AI14: =IF(SUMPRODUCT(('Matriz Criterios'!$H$38:$V$38="X")*ISNUMBER('Registro Notas'!$D14:$R14))=0, "-", SUMPRODUCT(('Matriz Criterios'!$H$38:$V$38="X")*ISNUMBER('Registro Notas'!$D14:$R14)*'Registro Notas'!$D14:$R14)/SUMPRODUCT(('Matriz Criterios'!$H$38:$V$38="X")*ISNUMBER('Registro Notas'!$D14:$R14))) | AJ14: =IF(SUMPRODUCT(('Matriz Criterios'!$H$39:$V$39="X")*ISNUMBER('Registro Notas'!$D14:$R14))=0, "-", SUMPRODUCT(('Matriz Criterios'!$H$39:$V$39="X")*ISNUMBER('Registro Notas'!$D14:$R14)*'Registro Notas'!$D14:$R14)/SUMPRODUCT(('Matriz Criterios'!$H$39:$V$39="X")*ISNUMBER('Registro Notas'!$D14:$R14))) | AK14: =IF(SUMPRODUCT(('Matriz Criterios'!$H$40:$V$40="X")*ISNUMBER('Registro Notas'!$D14:$R14))=0, "-", SUMPRODUCT(('Matriz Criterios'!$H$40:$V$40="X")*ISNUMBER('Registro Notas'!$D14:$R14)*'Registro Notas'!$D14:$R14)/SUMPRODUCT(('Matriz Criterios'!$H$40:$V$40="X")*ISNUMBER('Registro Notas'!$D14:$R14))) | AL14: =IF(SUMPRODUCT(('Matriz Criterios'!$H$41:$V$41="X")*ISNUMBER('Registro Notas'!$D14:$R14))=0, "-", SUMPRODUCT(('Matriz Criterios'!$H$41:$V$41="X")*ISNUMBER('Registro Notas'!$D14:$R14)*'Registro Notas'!$D14:$R14)/SUMPRODUCT(('Matriz Criterios'!$H$41:$V$41="X")*ISNUMBER('Registro Notas'!$D14:$R14))) | AM14: =IF(SUMPRODUCT(('Matriz Criterios'!$H$42:$V$42="X")*ISNUMBER('Registro Notas'!$D14:$R14))=0, "-", SUMPRODUCT(('Matriz Criterios'!$H$42:$V$42="X")*ISNUMBER('Registro Notas'!$D14:$R14)*'Registro Notas'!$D14:$R14)/SUMPRODUCT(('Matriz Criterios'!$H$42:$V$42="X")*ISNUMBER('Registro Notas'!$D14:$R14))) | AN14: =IF(SUMPRODUCT(('Matriz Criterios'!$H$43:$V$43="X")*ISNUMBER('Registro Notas'!$D14:$R14))=0, "-", SUMPRODUCT(('Matriz Criterios'!$H$43:$V$43="X")*ISNUMBER('Registro Notas'!$D14:$R14)*'Registro Notas'!$D14:$R14)/SUMPRODUCT(('Matriz Criterios'!$H$43:$V$43="X")*ISNUMBER('Registro Notas'!$D14:$R14))) | AO14: =IF(SUMPRODUCT(('Matriz Criterios'!$H$44:$V$44="X")*ISNUMBER('Registro Notas'!$D14:$R14))=0, "-", SUMPRODUCT(('Matriz Criterios'!$H$44:$V$44="X")*ISNUMBER('Registro Notas'!$D14:$R14)*'Registro Notas'!$D14:$R14)/SUMPRODUCT(('Matriz Criterios'!$H$44:$V$44="X")*ISNUMBER('Registro Notas'!$D14:$R14))) | AP14: =IF(SUMPRODUCT(('Matriz Criterios'!$H$45:$V$45="X")*ISNUMBER('Registro Notas'!$D14:$R14))=0, "-", SUMPRODUCT(('Matriz Criterios'!$H$45:$V$45="X")*ISNUMBER('Registro Notas'!$D14:$R14)*'Registro Notas'!$D14:$R14)/SUMPRODUCT(('Matriz Criterios'!$H$45:$V$45="X")*ISNUMBER('Registro Notas'!$D14:$R14))) | AQ14: =AVERAGE(C14:AP14) | AR14: =COUNTIF(C14:AP14, ">=5")
A15: 10 | B15: Martín Vega, Javier | C15: =IF(SUMPRODUCT(('Matriz Criterios'!$H$6:$V$6="X")*ISNUMBER('Registro Notas'!$D15:$R15))=0, "-", SUMPRODUCT(('Matriz Criterios'!$H$6:$V$6="X")*ISNUMBER('Registro Notas'!$D15:$R15)*'Registro Notas'!$D15:$R15)/SUMPRODUCT(('Matriz Criterios'!$H$6:$V$6="X")*ISNUMBER('Registro Notas'!$D15:$R15))) | D15: =IF(SUMPRODUCT(('Matriz Criterios'!$H$7:$V$7="X")*ISNUMBER('Registro Notas'!$D15:$R15))=0, "-", SUMPRODUCT(('Matriz Criterios'!$H$7:$V$7="X")*ISNUMBER('Registro Notas'!$D15:$R15)*'Registro Notas'!$D15:$R15)/SUMPRODUCT(('Matriz Criterios'!$H$7:$V$7="X")*ISNUMBER('Registro Notas'!$D15:$R15))) | E15: =IF(SUMPRODUCT(('Matriz Criterios'!$H$8:$V$8="X")*ISNUMBER('Registro Notas'!$D15:$R15))=0, "-", SUMPRODUCT(('Matriz Criterios'!$H$8:$V$8="X")*ISNUMBER('Registro Notas'!$D15:$R15)*'Registro Notas'!$D15:$R15)/SUMPRODUCT(('Matriz Criterios'!$H$8:$V$8="X")*ISNUMBER('Registro Notas'!$D15:$R15))) | F15: =IF(SUMPRODUCT(('Matriz Criterios'!$H$9:$V$9="X")*ISNUMBER('Registro Notas'!$D15:$R15))=0, "-", SUMPRODUCT(('Matriz Criterios'!$H$9:$V$9="X")*ISNUMBER('Registro Notas'!$D15:$R15)*'Registro Notas'!$D15:$R15)/SUMPRODUCT(('Matriz Criterios'!$H$9:$V$9="X")*ISNUMBER('Registro Notas'!$D15:$R15))) | G15: =IF(SUMPRODUCT(('Matriz Criterios'!$H$10:$V$10="X")*ISNUMBER('Registro Notas'!$D15:$R15))=0, "-", SUMPRODUCT(('Matriz Criterios'!$H$10:$V$10="X")*ISNUMBER('Registro Notas'!$D15:$R15)*'Registro Notas'!$D15:$R15)/SUMPRODUCT(('Matriz Criterios'!$H$10:$V$10="X")*ISNUMBER('Registro Notas'!$D15:$R15))) | H15: =IF(SUMPRODUCT(('Matriz Criterios'!$H$11:$V$11="X")*ISNUMBER('Registro Notas'!$D15:$R15))=0, "-", SUMPRODUCT(('Matriz Criterios'!$H$11:$V$11="X")*ISNUMBER('Registro Notas'!$D15:$R15)*'Registro Notas'!$D15:$R15)/SUMPRODUCT(('Matriz Criterios'!$H$11:$V$11="X")*ISNUMBER('Registro Notas'!$D15:$R15))) | I15: =IF(SUMPRODUCT(('Matriz Criterios'!$H$12:$V$12="X")*ISNUMBER('Registro Notas'!$D15:$R15))=0, "-", SUMPRODUCT(('Matriz Criterios'!$H$12:$V$12="X")*ISNUMBER('Registro Notas'!$D15:$R15)*'Registro Notas'!$D15:$R15)/SUMPRODUCT(('Matriz Criterios'!$H$12:$V$12="X")*ISNUMBER('Registro Notas'!$D15:$R15))) | J15: =IF(SUMPRODUCT(('Matriz Criterios'!$H$13:$V$13="X")*ISNUMBER('Registro Notas'!$D15:$R15))=0, "-", SUMPRODUCT(('Matriz Criterios'!$H$13:$V$13="X")*ISNUMBER('Registro Notas'!$D15:$R15)*'Registro Notas'!$D15:$R15)/SUMPRODUCT(('Matriz Criterios'!$H$13:$V$13="X")*ISNUMBER('Registro Notas'!$D15:$R15))) | K15: =IF(SUMPRODUCT(('Matriz Criterios'!$H$14:$V$14="X")*ISNUMBER('Registro Notas'!$D15:$R15))=0, "-", SUMPRODUCT(('Matriz Criterios'!$H$14:$V$14="X")*ISNUMBER('Registro Notas'!$D15:$R15)*'Registro Notas'!$D15:$R15)/SUMPRODUCT(('Matriz Criterios'!$H$14:$V$14="X")*ISNUMBER('Registro Notas'!$D15:$R15))) | L15: =IF(SUMPRODUCT(('Matriz Criterios'!$H$15:$V$15="X")*ISNUMBER('Registro Notas'!$D15:$R15))=0, "-", SUMPRODUCT(('Matriz Criterios'!$H$15:$V$15="X")*ISNUMBER('Registro Notas'!$D15:$R15)*'Registro Notas'!$D15:$R15)/SUMPRODUCT(('Matriz Criterios'!$H$15:$V$15="X")*ISNUMBER('Registro Notas'!$D15:$R15))) | M15: =IF(SUMPRODUCT(('Matriz Criterios'!$H$16:$V$16="X")*ISNUMBER('Registro Notas'!$D15:$R15))=0, "-", SUMPRODUCT(('Matriz Criterios'!$H$16:$V$16="X")*ISNUMBER('Registro Notas'!$D15:$R15)*'Registro Notas'!$D15:$R15)/SUMPRODUCT(('Matriz Criterios'!$H$16:$V$16="X")*ISNUMBER('Registro Notas'!$D15:$R15))) | N15: =IF(SUMPRODUCT(('Matriz Criterios'!$H$17:$V$17="X")*ISNUMBER('Registro Notas'!$D15:$R15))=0, "-", SUMPRODUCT(('Matriz Criterios'!$H$17:$V$17="X")*ISNUMBER('Registro Notas'!$D15:$R15)*'Registro Notas'!$D15:$R15)/SUMPRODUCT(('Matriz Criterios'!$H$17:$V$17="X")*ISNUMBER('Registro Notas'!$D15:$R15))) | O15: =IF(SUMPRODUCT(('Matriz Criterios'!$H$18:$V$18="X")*ISNUMBER('Registro Notas'!$D15:$R15))=0, "-", SUMPRODUCT(('Matriz Criterios'!$H$18:$V$18="X")*ISNUMBER('Registro Notas'!$D15:$R15)*'Registro Notas'!$D15:$R15)/SUMPRODUCT(('Matriz Criterios'!$H$18:$V$18="X")*ISNUMBER('Registro Notas'!$D15:$R15))) | P15: =IF(SUMPRODUCT(('Matriz Criterios'!$H$19:$V$19="X")*ISNUMBER('Registro Notas'!$D15:$R15))=0, "-", SUMPRODUCT(('Matriz Criterios'!$H$19:$V$19="X")*ISNUMBER('Registro Notas'!$D15:$R15)*'Registro Notas'!$D15:$R15)/SUMPRODUCT(('Matriz Criterios'!$H$19:$V$19="X")*ISNUMBER('Registro Notas'!$D15:$R15))) | Q15: =IF(SUMPRODUCT(('Matriz Criterios'!$H$20:$V$20="X")*ISNUMBER('Registro Notas'!$D15:$R15))=0, "-", SUMPRODUCT(('Matriz Criterios'!$H$20:$V$20="X")*ISNUMBER('Registro Notas'!$D15:$R15)*'Registro Notas'!$D15:$R15)/SUMPRODUCT(('Matriz Criterios'!$H$20:$V$20="X")*ISNUMBER('Registro Notas'!$D15:$R15))) | R15: =IF(SUMPRODUCT(('Matriz Criterios'!$H$21:$V$21="X")*ISNUMBER('Registro Notas'!$D15:$R15))=0, "-", SUMPRODUCT(('Matriz Criterios'!$H$21:$V$21="X")*ISNUMBER('Registro Notas'!$D15:$R15)*'Registro Notas'!$D15:$R15)/SUMPRODUCT(('Matriz Criterios'!$H$21:$V$21="X")*ISNUMBER('Registro Notas'!$D15:$R15))) | S15: =IF(SUMPRODUCT(('Matriz Criterios'!$H$22:$V$22="X")*ISNUMBER('Registro Notas'!$D15:$R15))=0, "-", SUMPRODUCT(('Matriz Criterios'!$H$22:$V$22="X")*ISNUMBER('Registro Notas'!$D15:$R15)*'Registro Notas'!$D15:$R15)/SUMPRODUCT(('Matriz Criterios'!$H$22:$V$22="X")*ISNUMBER('Registro Notas'!$D15:$R15))) | T15: =IF(SUMPRODUCT(('Matriz Criterios'!$H$23:$V$23="X")*ISNUMBER('Registro Notas'!$D15:$R15))=0, "-", SUMPRODUCT(('Matriz Criterios'!$H$23:$V$23="X")*ISNUMBER('Registro Notas'!$D15:$R15)*'Registro Notas'!$D15:$R15)/SUMPRODUCT(('Matriz Criterios'!$H$23:$V$23="X")*ISNUMBER('Registro Notas'!$D15:$R15))) | U15: =IF(SUMPRODUCT(('Matriz Criterios'!$H$24:$V$24="X")*ISNUMBER('Registro Notas'!$D15:$R15))=0, "-", SUMPRODUCT(('Matriz Criterios'!$H$24:$V$24="X")*ISNUMBER('Registro Notas'!$D15:$R15)*'Registro Notas'!$D15:$R15)/SUMPRODUCT(('Matriz Criterios'!$H$24:$V$24="X")*ISNUMBER('Registro Notas'!$D15:$R15))) | V15: =IF(SUMPRODUCT(('Matriz Criterios'!$H$25:$V$25="X")*ISNUMBER('Registro Notas'!$D15:$R15))=0, "-", SUMPRODUCT(('Matriz Criterios'!$H$25:$V$25="X")*ISNUMBER('Registro Notas'!$D15:$R15)*'Registro Notas'!$D15:$R15)/SUMPRODUCT(('Matriz Criterios'!$H$25:$V$25="X")*ISNUMBER('Registro Notas'!$D15:$R15))) | W15: =IF(SUMPRODUCT(('Matriz Criterios'!$H$26:$V$26="X")*ISNUMBER('Registro Notas'!$D15:$R15))=0, "-", SUMPRODUCT(('Matriz Criterios'!$H$26:$V$26="X")*ISNUMBER('Registro Notas'!$D15:$R15)*'Registro Notas'!$D15:$R15)/SUMPRODUCT(('Matriz Criterios'!$H$26:$V$26="X")*ISNUMBER('Registro Notas'!$D15:$R15))) | X15: =IF(SUMPRODUCT(('Matriz Criterios'!$H$27:$V$27="X")*ISNUMBER('Registro Notas'!$D15:$R15))=0, "-", SUMPRODUCT(('Matriz Criterios'!$H$27:$V$27="X")*ISNUMBER('Registro Notas'!$D15:$R15)*'Registro Notas'!$D15:$R15)/SUMPRODUCT(('Matriz Criterios'!$H$27:$V$27="X")*ISNUMBER('Registro Notas'!$D15:$R15))) | Y15: =IF(SUMPRODUCT(('Matriz Criterios'!$H$28:$V$28="X")*ISNUMBER('Registro Notas'!$D15:$R15))=0, "-", SUMPRODUCT(('Matriz Criterios'!$H$28:$V$28="X")*ISNUMBER('Registro Notas'!$D15:$R15)*'Registro Notas'!$D15:$R15)/SUMPRODUCT(('Matriz Criterios'!$H$28:$V$28="X")*ISNUMBER('Registro Notas'!$D15:$R15))) | Z15: =IF(SUMPRODUCT(('Matriz Criterios'!$H$29:$V$29="X")*ISNUMBER('Registro Notas'!$D15:$R15))=0, "-", SUMPRODUCT(('Matriz Criterios'!$H$29:$V$29="X")*ISNUMBER('Registro Notas'!$D15:$R15)*'Registro Notas'!$D15:$R15)/SUMPRODUCT(('Matriz Criterios'!$H$29:$V$29="X")*ISNUMBER('Registro Notas'!$D15:$R15))) | AA15: =IF(SUMPRODUCT(('Matriz Criterios'!$H$30:$V$30="X")*ISNUMBER('Registro Notas'!$D15:$R15))=0, "-", SUMPRODUCT(('Matriz Criterios'!$H$30:$V$30="X")*ISNUMBER('Registro Notas'!$D15:$R15)*'Registro Notas'!$D15:$R15)/SUMPRODUCT(('Matriz Criterios'!$H$30:$V$30="X")*ISNUMBER('Registro Notas'!$D15:$R15))) | AB15: =IF(SUMPRODUCT(('Matriz Criterios'!$H$31:$V$31="X")*ISNUMBER('Registro Notas'!$D15:$R15))=0, "-", SUMPRODUCT(('Matriz Criterios'!$H$31:$V$31="X")*ISNUMBER('Registro Notas'!$D15:$R15)*'Registro Notas'!$D15:$R15)/SUMPRODUCT(('Matriz Criterios'!$H$31:$V$31="X")*ISNUMBER('Registro Notas'!$D15:$R15))) | AC15: =IF(SUMPRODUCT(('Matriz Criterios'!$H$32:$V$32="X")*ISNUMBER('Registro Notas'!$D15:$R15))=0, "-", SUMPRODUCT(('Matriz Criterios'!$H$32:$V$32="X")*ISNUMBER('Registro Notas'!$D15:$R15)*'Registro Notas'!$D15:$R15)/SUMPRODUCT(('Matriz Criterios'!$H$32:$V$32="X")*ISNUMBER('Registro Notas'!$D15:$R15))) | AD15: =IF(SUMPRODUCT(('Matriz Criterios'!$H$33:$V$33="X")*ISNUMBER('Registro Notas'!$D15:$R15))=0, "-", SUMPRODUCT(('Matriz Criterios'!$H$33:$V$33="X")*ISNUMBER('Registro Notas'!$D15:$R15)*'Registro Notas'!$D15:$R15)/SUMPRODUCT(('Matriz Criterios'!$H$33:$V$33="X")*ISNUMBER('Registro Notas'!$D15:$R15))) | AE15: =IF(SUMPRODUCT(('Matriz Criterios'!$H$34:$V$34="X")*ISNUMBER('Registro Notas'!$D15:$R15))=0, "-", SUMPRODUCT(('Matriz Criterios'!$H$34:$V$34="X")*ISNUMBER('Registro Notas'!$D15:$R15)*'Registro Notas'!$D15:$R15)/SUMPRODUCT(('Matriz Criterios'!$H$34:$V$34="X")*ISNUMBER('Registro Notas'!$D15:$R15))) | AF15: =IF(SUMPRODUCT(('Matriz Criterios'!$H$35:$V$35="X")*ISNUMBER('Registro Notas'!$D15:$R15))=0, "-", SUMPRODUCT(('Matriz Criterios'!$H$35:$V$35="X")*ISNUMBER('Registro Notas'!$D15:$R15)*'Registro Notas'!$D15:$R15)/SUMPRODUCT(('Matriz Criterios'!$H$35:$V$35="X")*ISNUMBER('Registro Notas'!$D15:$R15))) | AG15: =IF(SUMPRODUCT(('Matriz Criterios'!$H$36:$V$36="X")*ISNUMBER('Registro Notas'!$D15:$R15))=0, "-", SUMPRODUCT(('Matriz Criterios'!$H$36:$V$36="X")*ISNUMBER('Registro Notas'!$D15:$R15)*'Registro Notas'!$D15:$R15)/SUMPRODUCT(('Matriz Criterios'!$H$36:$V$36="X")*ISNUMBER('Registro Notas'!$D15:$R15))) | AH15: =IF(SUMPRODUCT(('Matriz Criterios'!$H$37:$V$37="X")*ISNUMBER('Registro Notas'!$D15:$R15))=0, "-", SUMPRODUCT(('Matriz Criterios'!$H$37:$V$37="X")*ISNUMBER('Registro Notas'!$D15:$R15)*'Registro Notas'!$D15:$R15)/SUMPRODUCT(('Matriz Criterios'!$H$37:$V$37="X")*ISNUMBER('Registro Notas'!$D15:$R15))) | AI15: =IF(SUMPRODUCT(('Matriz Criterios'!$H$38:$V$38="X")*ISNUMBER('Registro Notas'!$D15:$R15))=0, "-", SUMPRODUCT(('Matriz Criterios'!$H$38:$V$38="X")*ISNUMBER('Registro Notas'!$D15:$R15)*'Registro Notas'!$D15:$R15)/SUMPRODUCT(('Matriz Criterios'!$H$38:$V$38="X")*ISNUMBER('Registro Notas'!$D15:$R15))) | AJ15: =IF(SUMPRODUCT(('Matriz Criterios'!$H$39:$V$39="X")*ISNUMBER('Registro Notas'!$D15:$R15))=0, "-", SUMPRODUCT(('Matriz Criterios'!$H$39:$V$39="X")*ISNUMBER('Registro Notas'!$D15:$R15)*'Registro Notas'!$D15:$R15)/SUMPRODUCT(('Matriz Criterios'!$H$39:$V$39="X")*ISNUMBER('Registro Notas'!$D15:$R15))) | AK15: =IF(SUMPRODUCT(('Matriz Criterios'!$H$40:$V$40="X")*ISNUMBER('Registro Notas'!$D15:$R15))=0, "-", SUMPRODUCT(('Matriz Criterios'!$H$40:$V$40="X")*ISNUMBER('Registro Notas'!$D15:$R15)*'Registro Notas'!$D15:$R15)/SUMPRODUCT(('Matriz Criterios'!$H$40:$V$40="X")*ISNUMBER('Registro Notas'!$D15:$R15))) | AL15: =IF(SUMPRODUCT(('Matriz Criterios'!$H$41:$V$41="X")*ISNUMBER('Registro Notas'!$D15:$R15))=0, "-", SUMPRODUCT(('Matriz Criterios'!$H$41:$V$41="X")*ISNUMBER('Registro Notas'!$D15:$R15)*'Registro Notas'!$D15:$R15)/SUMPRODUCT(('Matriz Criterios'!$H$41:$V$41="X")*ISNUMBER('Registro Notas'!$D15:$R15))) | AM15: =IF(SUMPRODUCT(('Matriz Criterios'!$H$42:$V$42="X")*ISNUMBER('Registro Notas'!$D15:$R15))=0, "-", SUMPRODUCT(('Matriz Criterios'!$H$42:$V$42="X")*ISNUMBER('Registro Notas'!$D15:$R15)*'Registro Notas'!$D15:$R15)/SUMPRODUCT(('Matriz Criterios'!$H$42:$V$42="X")*ISNUMBER('Registro Notas'!$D15:$R15))) | AN15: =IF(SUMPRODUCT(('Matriz Criterios'!$H$43:$V$43="X")*ISNUMBER('Registro Notas'!$D15:$R15))=0, "-", SUMPRODUCT(('Matriz Criterios'!$H$43:$V$43="X")*ISNUMBER('Registro Notas'!$D15:$R15)*'Registro Notas'!$D15:$R15)/SUMPRODUCT(('Matriz Criterios'!$H$43:$V$43="X")*ISNUMBER('Registro Notas'!$D15:$R15))) | AO15: =IF(SUMPRODUCT(('Matriz Criterios'!$H$44:$V$44="X")*ISNUMBER('Registro Notas'!$D15:$R15))=0, "-", SUMPRODUCT(('Matriz Criterios'!$H$44:$V$44="X")*ISNUMBER('Registro Notas'!$D15:$R15)*'Registro Notas'!$D15:$R15)/SUMPRODUCT(('Matriz Criterios'!$H$44:$V$44="X")*ISNUMBER('Registro Notas'!$D15:$R15))) | AP15: =IF(SUMPRODUCT(('Matriz Criterios'!$H$45:$V$45="X")*ISNUMBER('Registro Notas'!$D15:$R15))=0, "-", SUMPRODUCT(('Matriz Criterios'!$H$45:$V$45="X")*ISNUMBER('Registro Notas'!$D15:$R15)*'Registro Notas'!$D15:$R15)/SUMPRODUCT(('Matriz Criterios'!$H$45:$V$45="X")*ISNUMBER('Registro Notas'!$D15:$R15))) | AQ15: =AVERAGE(C15:AP15) | AR15: =COUNTIF(C15:AP15, ">=5")
A16: 11 | B16: Navarro Gil, Ana | C16: =IF(SUMPRODUCT(('Matriz Criterios'!$H$6:$V$6="X")*ISNUMBER('Registro Notas'!$D16:$R16))=0, "-", SUMPRODUCT(('Matriz Criterios'!$H$6:$V$6="X")*ISNUMBER('Registro Notas'!$D16:$R16)*'Registro Notas'!$D16:$R16)/SUMPRODUCT(('Matriz Criterios'!$H$6:$V$6="X")*ISNUMBER('Registro Notas'!$D16:$R16))) | D16: =IF(SUMPRODUCT(('Matriz Criterios'!$H$7:$V$7="X")*ISNUMBER('Registro Notas'!$D16:$R16))=0, "-", SUMPRODUCT(('Matriz Criterios'!$H$7:$V$7="X")*ISNUMBER('Registro Notas'!$D16:$R16)*'Registro Notas'!$D16:$R16)/SUMPRODUCT(('Matriz Criterios'!$H$7:$V$7="X")*ISNUMBER('Registro Notas'!$D16:$R16))) | E16: =IF(SUMPRODUCT(('Matriz Criterios'!$H$8:$V$8="X")*ISNUMBER('Registro Notas'!$D16:$R16))=0, "-", SUMPRODUCT(('Matriz Criterios'!$H$8:$V$8="X")*ISNUMBER('Registro Notas'!$D16:$R16)*'Registro Notas'!$D16:$R16)/SUMPRODUCT(('Matriz Criterios'!$H$8:$V$8="X")*ISNUMBER('Registro Notas'!$D16:$R16))) | F16: =IF(SUMPRODUCT(('Matriz Criterios'!$H$9:$V$9="X")*ISNUMBER('Registro Notas'!$D16:$R16))=0, "-", SUMPRODUCT(('Matriz Criterios'!$H$9:$V$9="X")*ISNUMBER('Registro Notas'!$D16:$R16)*'Registro Notas'!$D16:$R16)/SUMPRODUCT(('Matriz Criterios'!$H$9:$V$9="X")*ISNUMBER('Registro Notas'!$D16:$R16))) | G16: =IF(SUMPRODUCT(('Matriz Criterios'!$H$10:$V$10="X")*ISNUMBER('Registro Notas'!$D16:$R16))=0, "-", SUMPRODUCT(('Matriz Criterios'!$H$10:$V$10="X")*ISNUMBER('Registro Notas'!$D16:$R16)*'Registro Notas'!$D16:$R16)/SUMPRODUCT(('Matriz Criterios'!$H$10:$V$10="X")*ISNUMBER('Registro Notas'!$D16:$R16))) | H16: =IF(SUMPRODUCT(('Matriz Criterios'!$H$11:$V$11="X")*ISNUMBER('Registro Notas'!$D16:$R16))=0, "-", SUMPRODUCT(('Matriz Criterios'!$H$11:$V$11="X")*ISNUMBER('Registro Notas'!$D16:$R16)*'Registro Notas'!$D16:$R16)/SUMPRODUCT(('Matriz Criterios'!$H$11:$V$11="X")*ISNUMBER('Registro Notas'!$D16:$R16))) | I16: =IF(SUMPRODUCT(('Matriz Criterios'!$H$12:$V$12="X")*ISNUMBER('Registro Notas'!$D16:$R16))=0, "-", SUMPRODUCT(('Matriz Criterios'!$H$12:$V$12="X")*ISNUMBER('Registro Notas'!$D16:$R16)*'Registro Notas'!$D16:$R16)/SUMPRODUCT(('Matriz Criterios'!$H$12:$V$12="X")*ISNUMBER('Registro Notas'!$D16:$R16))) | J16: =IF(SUMPRODUCT(('Matriz Criterios'!$H$13:$V$13="X")*ISNUMBER('Registro Notas'!$D16:$R16))=0, "-", SUMPRODUCT(('Matriz Criterios'!$H$13:$V$13="X")*ISNUMBER('Registro Notas'!$D16:$R16)*'Registro Notas'!$D16:$R16)/SUMPRODUCT(('Matriz Criterios'!$H$13:$V$13="X")*ISNUMBER('Registro Notas'!$D16:$R16))) | K16: =IF(SUMPRODUCT(('Matriz Criterios'!$H$14:$V$14="X")*ISNUMBER('Registro Notas'!$D16:$R16))=0, "-", SUMPRODUCT(('Matriz Criterios'!$H$14:$V$14="X")*ISNUMBER('Registro Notas'!$D16:$R16)*'Registro Notas'!$D16:$R16)/SUMPRODUCT(('Matriz Criterios'!$H$14:$V$14="X")*ISNUMBER('Registro Notas'!$D16:$R16))) | L16: =IF(SUMPRODUCT(('Matriz Criterios'!$H$15:$V$15="X")*ISNUMBER('Registro Notas'!$D16:$R16))=0, "-", SUMPRODUCT(('Matriz Criterios'!$H$15:$V$15="X")*ISNUMBER('Registro Notas'!$D16:$R16)*'Registro Notas'!$D16:$R16)/SUMPRODUCT(('Matriz Criterios'!$H$15:$V$15="X")*ISNUMBER('Registro Notas'!$D16:$R16))) | M16: =IF(SUMPRODUCT(('Matriz Criterios'!$H$16:$V$16="X")*ISNUMBER('Registro Notas'!$D16:$R16))=0, "-", SUMPRODUCT(('Matriz Criterios'!$H$16:$V$16="X")*ISNUMBER('Registro Notas'!$D16:$R16)*'Registro Notas'!$D16:$R16)/SUMPRODUCT(('Matriz Criterios'!$H$16:$V$16="X")*ISNUMBER('Registro Notas'!$D16:$R16))) | N16: =IF(SUMPRODUCT(('Matriz Criterios'!$H$17:$V$17="X")*ISNUMBER('Registro Notas'!$D16:$R16))=0, "-", SUMPRODUCT(('Matriz Criterios'!$H$17:$V$17="X")*ISNUMBER('Registro Notas'!$D16:$R16)*'Registro Notas'!$D16:$R16)/SUMPRODUCT(('Matriz Criterios'!$H$17:$V$17="X")*ISNUMBER('Registro Notas'!$D16:$R16))) | O16: =IF(SUMPRODUCT(('Matriz Criterios'!$H$18:$V$18="X")*ISNUMBER('Registro Notas'!$D16:$R16))=0, "-", SUMPRODUCT(('Matriz Criterios'!$H$18:$V$18="X")*ISNUMBER('Registro Notas'!$D16:$R16)*'Registro Notas'!$D16:$R16)/SUMPRODUCT(('Matriz Criterios'!$H$18:$V$18="X")*ISNUMBER('Registro Notas'!$D16:$R16))) | P16: =IF(SUMPRODUCT(('Matriz Criterios'!$H$19:$V$19="X")*ISNUMBER('Registro Notas'!$D16:$R16))=0, "-", SUMPRODUCT(('Matriz Criterios'!$H$19:$V$19="X")*ISNUMBER('Registro Notas'!$D16:$R16)*'Registro Notas'!$D16:$R16)/SUMPRODUCT(('Matriz Criterios'!$H$19:$V$19="X")*ISNUMBER('Registro Notas'!$D16:$R16))) | Q16: =IF(SUMPRODUCT(('Matriz Criterios'!$H$20:$V$20="X")*ISNUMBER('Registro Notas'!$D16:$R16))=0, "-", SUMPRODUCT(('Matriz Criterios'!$H$20:$V$20="X")*ISNUMBER('Registro Notas'!$D16:$R16)*'Registro Notas'!$D16:$R16)/SUMPRODUCT(('Matriz Criterios'!$H$20:$V$20="X")*ISNUMBER('Registro Notas'!$D16:$R16))) | R16: =IF(SUMPRODUCT(('Matriz Criterios'!$H$21:$V$21="X")*ISNUMBER('Registro Notas'!$D16:$R16))=0, "-", SUMPRODUCT(('Matriz Criterios'!$H$21:$V$21="X")*ISNUMBER('Registro Notas'!$D16:$R16)*'Registro Notas'!$D16:$R16)/SUMPRODUCT(('Matriz Criterios'!$H$21:$V$21="X")*ISNUMBER('Registro Notas'!$D16:$R16))) | S16: =IF(SUMPRODUCT(('Matriz Criterios'!$H$22:$V$22="X")*ISNUMBER('Registro Notas'!$D16:$R16))=0, "-", SUMPRODUCT(('Matriz Criterios'!$H$22:$V$22="X")*ISNUMBER('Registro Notas'!$D16:$R16)*'Registro Notas'!$D16:$R16)/SUMPRODUCT(('Matriz Criterios'!$H$22:$V$22="X")*ISNUMBER('Registro Notas'!$D16:$R16))) | T16: =IF(SUMPRODUCT(('Matriz Criterios'!$H$23:$V$23="X")*ISNUMBER('Registro Notas'!$D16:$R16))=0, "-", SUMPRODUCT(('Matriz Criterios'!$H$23:$V$23="X")*ISNUMBER('Registro Notas'!$D16:$R16)*'Registro Notas'!$D16:$R16)/SUMPRODUCT(('Matriz Criterios'!$H$23:$V$23="X")*ISNUMBER('Registro Notas'!$D16:$R16))) | U16: =IF(SUMPRODUCT(('Matriz Criterios'!$H$24:$V$24="X")*ISNUMBER('Registro Notas'!$D16:$R16))=0, "-", SUMPRODUCT(('Matriz Criterios'!$H$24:$V$24="X")*ISNUMBER('Registro Notas'!$D16:$R16)*'Registro Notas'!$D16:$R16)/SUMPRODUCT(('Matriz Criterios'!$H$24:$V$24="X")*ISNUMBER('Registro Notas'!$D16:$R16))) | V16: =IF(SUMPRODUCT(('Matriz Criterios'!$H$25:$V$25="X")*ISNUMBER('Registro Notas'!$D16:$R16))=0, "-", SUMPRODUCT(('Matriz Criterios'!$H$25:$V$25="X")*ISNUMBER('Registro Notas'!$D16:$R16)*'Registro Notas'!$D16:$R16)/SUMPRODUCT(('Matriz Criterios'!$H$25:$V$25="X")*ISNUMBER('Registro Notas'!$D16:$R16))) | W16: =IF(SUMPRODUCT(('Matriz Criterios'!$H$26:$V$26="X")*ISNUMBER('Registro Notas'!$D16:$R16))=0, "-", SUMPRODUCT(('Matriz Criterios'!$H$26:$V$26="X")*ISNUMBER('Registro Notas'!$D16:$R16)*'Registro Notas'!$D16:$R16)/SUMPRODUCT(('Matriz Criterios'!$H$26:$V$26="X")*ISNUMBER('Registro Notas'!$D16:$R16))) | X16: =IF(SUMPRODUCT(('Matriz Criterios'!$H$27:$V$27="X")*ISNUMBER('Registro Notas'!$D16:$R16))=0, "-", SUMPRODUCT(('Matriz Criterios'!$H$27:$V$27="X")*ISNUMBER('Registro Notas'!$D16:$R16)*'Registro Notas'!$D16:$R16)/SUMPRODUCT(('Matriz Criterios'!$H$27:$V$27="X")*ISNUMBER('Registro Notas'!$D16:$R16))) | Y16: =IF(SUMPRODUCT(('Matriz Criterios'!$H$28:$V$28="X")*ISNUMBER('Registro Notas'!$D16:$R16))=0, "-", SUMPRODUCT(('Matriz Criterios'!$H$28:$V$28="X")*ISNUMBER('Registro Notas'!$D16:$R16)*'Registro Notas'!$D16:$R16)/SUMPRODUCT(('Matriz Criterios'!$H$28:$V$28="X")*ISNUMBER('Registro Notas'!$D16:$R16))) | Z16: =IF(SUMPRODUCT(('Matriz Criterios'!$H$29:$V$29="X")*ISNUMBER('Registro Notas'!$D16:$R16))=0, "-", SUMPRODUCT(('Matriz Criterios'!$H$29:$V$29="X")*ISNUMBER('Registro Notas'!$D16:$R16)*'Registro Notas'!$D16:$R16)/SUMPRODUCT(('Matriz Criterios'!$H$29:$V$29="X")*ISNUMBER('Registro Notas'!$D16:$R16))) | AA16: =IF(SUMPRODUCT(('Matriz Criterios'!$H$30:$V$30="X")*ISNUMBER('Registro Notas'!$D16:$R16))=0, "-", SUMPRODUCT(('Matriz Criterios'!$H$30:$V$30="X")*ISNUMBER('Registro Notas'!$D16:$R16)*'Registro Notas'!$D16:$R16)/SUMPRODUCT(('Matriz Criterios'!$H$30:$V$30="X")*ISNUMBER('Registro Notas'!$D16:$R16))) | AB16: =IF(SUMPRODUCT(('Matriz Criterios'!$H$31:$V$31="X")*ISNUMBER('Registro Notas'!$D16:$R16))=0, "-", SUMPRODUCT(('Matriz Criterios'!$H$31:$V$31="X")*ISNUMBER('Registro Notas'!$D16:$R16)*'Registro Notas'!$D16:$R16)/SUMPRODUCT(('Matriz Criterios'!$H$31:$V$31="X")*ISNUMBER('Registro Notas'!$D16:$R16))) | AC16: =IF(SUMPRODUCT(('Matriz Criterios'!$H$32:$V$32="X")*ISNUMBER('Registro Notas'!$D16:$R16))=0, "-", SUMPRODUCT(('Matriz Criterios'!$H$32:$V$32="X")*ISNUMBER('Registro Notas'!$D16:$R16)*'Registro Notas'!$D16:$R16)/SUMPRODUCT(('Matriz Criterios'!$H$32:$V$32="X")*ISNUMBER('Registro Notas'!$D16:$R16))) | AD16: =IF(SUMPRODUCT(('Matriz Criterios'!$H$33:$V$33="X")*ISNUMBER('Registro Notas'!$D16:$R16))=0, "-", SUMPRODUCT(('Matriz Criterios'!$H$33:$V$33="X")*ISNUMBER('Registro Notas'!$D16:$R16)*'Registro Notas'!$D16:$R16)/SUMPRODUCT(('Matriz Criterios'!$H$33:$V$33="X")*ISNUMBER('Registro Notas'!$D16:$R16))) | AE16: =IF(SUMPRODUCT(('Matriz Criterios'!$H$34:$V$34="X")*ISNUMBER('Registro Notas'!$D16:$R16))=0, "-", SUMPRODUCT(('Matriz Criterios'!$H$34:$V$34="X")*ISNUMBER('Registro Notas'!$D16:$R16)*'Registro Notas'!$D16:$R16)/SUMPRODUCT(('Matriz Criterios'!$H$34:$V$34="X")*ISNUMBER('Registro Notas'!$D16:$R16))) | AF16: =IF(SUMPRODUCT(('Matriz Criterios'!$H$35:$V$35="X")*ISNUMBER('Registro Notas'!$D16:$R16))=0, "-", SUMPRODUCT(('Matriz Criterios'!$H$35:$V$35="X")*ISNUMBER('Registro Notas'!$D16:$R16)*'Registro Notas'!$D16:$R16)/SUMPRODUCT(('Matriz Criterios'!$H$35:$V$35="X")*ISNUMBER('Registro Notas'!$D16:$R16))) | AG16: =IF(SUMPRODUCT(('Matriz Criterios'!$H$36:$V$36="X")*ISNUMBER('Registro Notas'!$D16:$R16))=0, "-", SUMPRODUCT(('Matriz Criterios'!$H$36:$V$36="X")*ISNUMBER('Registro Notas'!$D16:$R16)*'Registro Notas'!$D16:$R16)/SUMPRODUCT(('Matriz Criterios'!$H$36:$V$36="X")*ISNUMBER('Registro Notas'!$D16:$R16))) | AH16: =IF(SUMPRODUCT(('Matriz Criterios'!$H$37:$V$37="X")*ISNUMBER('Registro Notas'!$D16:$R16))=0, "-", SUMPRODUCT(('Matriz Criterios'!$H$37:$V$37="X")*ISNUMBER('Registro Notas'!$D16:$R16)*'Registro Notas'!$D16:$R16)/SUMPRODUCT(('Matriz Criterios'!$H$37:$V$37="X")*ISNUMBER('Registro Notas'!$D16:$R16))) | AI16: =IF(SUMPRODUCT(('Matriz Criterios'!$H$38:$V$38="X")*ISNUMBER('Registro Notas'!$D16:$R16))=0, "-", SUMPRODUCT(('Matriz Criterios'!$H$38:$V$38="X")*ISNUMBER('Registro Notas'!$D16:$R16)*'Registro Notas'!$D16:$R16)/SUMPRODUCT(('Matriz Criterios'!$H$38:$V$38="X")*ISNUMBER('Registro Notas'!$D16:$R16))) | AJ16: =IF(SUMPRODUCT(('Matriz Criterios'!$H$39:$V$39="X")*ISNUMBER('Registro Notas'!$D16:$R16))=0, "-", SUMPRODUCT(('Matriz Criterios'!$H$39:$V$39="X")*ISNUMBER('Registro Notas'!$D16:$R16)*'Registro Notas'!$D16:$R16)/SUMPRODUCT(('Matriz Criterios'!$H$39:$V$39="X")*ISNUMBER('Registro Notas'!$D16:$R16))) | AK16: =IF(SUMPRODUCT(('Matriz Criterios'!$H$40:$V$40="X")*ISNUMBER('Registro Notas'!$D16:$R16))=0, "-", SUMPRODUCT(('Matriz Criterios'!$H$40:$V$40="X")*ISNUMBER('Registro Notas'!$D16:$R16)*'Registro Notas'!$D16:$R16)/SUMPRODUCT(('Matriz Criterios'!$H$40:$V$40="X")*ISNUMBER('Registro Notas'!$D16:$R16))) | AL16: =IF(SUMPRODUCT(('Matriz Criterios'!$H$41:$V$41="X")*ISNUMBER('Registro Notas'!$D16:$R16))=0, "-", SUMPRODUCT(('Matriz Criterios'!$H$41:$V$41="X")*ISNUMBER('Registro Notas'!$D16:$R16)*'Registro Notas'!$D16:$R16)/SUMPRODUCT(('Matriz Criterios'!$H$41:$V$41="X")*ISNUMBER('Registro Notas'!$D16:$R16))) | AM16: =IF(SUMPRODUCT(('Matriz Criterios'!$H$42:$V$42="X")*ISNUMBER('Registro Notas'!$D16:$R16))=0, "-", SUMPRODUCT(('Matriz Criterios'!$H$42:$V$42="X")*ISNUMBER('Registro Notas'!$D16:$R16)*'Registro Notas'!$D16:$R16)/SUMPRODUCT(('Matriz Criterios'!$H$42:$V$42="X")*ISNUMBER('Registro Notas'!$D16:$R16))) | AN16: =IF(SUMPRODUCT(('Matriz Criterios'!$H$43:$V$43="X")*ISNUMBER('Registro Notas'!$D16:$R16))=0, "-", SUMPRODUCT(('Matriz Criterios'!$H$43:$V$43="X")*ISNUMBER('Registro Notas'!$D16:$R16)*'Registro Notas'!$D16:$R16)/SUMPRODUCT(('Matriz Criterios'!$H$43:$V$43="X")*ISNUMBER('Registro Notas'!$D16:$R16))) | AO16: =IF(SUMPRODUCT(('Matriz Criterios'!$H$44:$V$44="X")*ISNUMBER('Registro Notas'!$D16:$R16))=0, "-", SUMPRODUCT(('Matriz Criterios'!$H$44:$V$44="X")*ISNUMBER('Registro Notas'!$D16:$R16)*'Registro Notas'!$D16:$R16)/SUMPRODUCT(('Matriz Criterios'!$H$44:$V$44="X")*ISNUMBER('Registro Notas'!$D16:$R16))) | AP16: =IF(SUMPRODUCT(('Matriz Criterios'!$H$45:$V$45="X")*ISNUMBER('Registro Notas'!$D16:$R16))=0, "-", SUMPRODUCT(('Matriz Criterios'!$H$45:$V$45="X")*ISNUMBER('Registro Notas'!$D16:$R16)*'Registro Notas'!$D16:$R16)/SUMPRODUCT(('Matriz Criterios'!$H$45:$V$45="X")*ISNUMBER('Registro Notas'!$D16:$R16))) | AQ16: =AVERAGE(C16:AP16) | AR16: =COUNTIF(C16:AP16, ">=5")
A17: 12 | B17: Pérez Rubio, Álvaro | C17: =IF(SUMPRODUCT(('Matriz Criterios'!$H$6:$V$6="X")*ISNUMBER('Registro Notas'!$D17:$R17))=0, "-", SUMPRODUCT(('Matriz Criterios'!$H$6:$V$6="X")*ISNUMBER('Registro Notas'!$D17:$R17)*'Registro Notas'!$D17:$R17)/SUMPRODUCT(('Matriz Criterios'!$H$6:$V$6="X")*ISNUMBER('Registro Notas'!$D17:$R17))) | D17: =IF(SUMPRODUCT(('Matriz Criterios'!$H$7:$V$7="X")*ISNUMBER('Registro Notas'!$D17:$R17))=0, "-", SUMPRODUCT(('Matriz Criterios'!$H$7:$V$7="X")*ISNUMBER('Registro Notas'!$D17:$R17)*'Registro Notas'!$D17:$R17)/SUMPRODUCT(('Matriz Criterios'!$H$7:$V$7="X")*ISNUMBER('Registro Notas'!$D17:$R17))) | E17: =IF(SUMPRODUCT(('Matriz Criterios'!$H$8:$V$8="X")*ISNUMBER('Registro Notas'!$D17:$R17))=0, "-", SUMPRODUCT(('Matriz Criterios'!$H$8:$V$8="X")*ISNUMBER('Registro Notas'!$D17:$R17)*'Registro Notas'!$D17:$R17)/SUMPRODUCT(('Matriz Criterios'!$H$8:$V$8="X")*ISNUMBER('Registro Notas'!$D17:$R17))) | F17: =IF(SUMPRODUCT(('Matriz Criterios'!$H$9:$V$9="X")*ISNUMBER('Registro Notas'!$D17:$R17))=0, "-", SUMPRODUCT(('Matriz Criterios'!$H$9:$V$9="X")*ISNUMBER('Registro Notas'!$D17:$R17)*'Registro Notas'!$D17:$R17)/SUMPRODUCT(('Matriz Criterios'!$H$9:$V$9="X")*ISNUMBER('Registro Notas'!$D17:$R17))) | G17: =IF(SUMPRODUCT(('Matriz Criterios'!$H$10:$V$10="X")*ISNUMBER('Registro Notas'!$D17:$R17))=0, "-", SUMPRODUCT(('Matriz Criterios'!$H$10:$V$10="X")*ISNUMBER('Registro Notas'!$D17:$R17)*'Registro Notas'!$D17:$R17)/SUMPRODUCT(('Matriz Criterios'!$H$10:$V$10="X")*ISNUMBER('Registro Notas'!$D17:$R17))) | H17: =IF(SUMPRODUCT(('Matriz Criterios'!$H$11:$V$11="X")*ISNUMBER('Registro Notas'!$D17:$R17))=0, "-", SUMPRODUCT(('Matriz Criterios'!$H$11:$V$11="X")*ISNUMBER('Registro Notas'!$D17:$R17)*'Registro Notas'!$D17:$R17)/SUMPRODUCT(('Matriz Criterios'!$H$11:$V$11="X")*ISNUMBER('Registro Notas'!$D17:$R17))) | I17: =IF(SUMPRODUCT(('Matriz Criterios'!$H$12:$V$12="X")*ISNUMBER('Registro Notas'!$D17:$R17))=0, "-", SUMPRODUCT(('Matriz Criterios'!$H$12:$V$12="X")*ISNUMBER('Registro Notas'!$D17:$R17)*'Registro Notas'!$D17:$R17)/SUMPRODUCT(('Matriz Criterios'!$H$12:$V$12="X")*ISNUMBER('Registro Notas'!$D17:$R17))) | J17: =IF(SUMPRODUCT(('Matriz Criterios'!$H$13:$V$13="X")*ISNUMBER('Registro Notas'!$D17:$R17))=0, "-", SUMPRODUCT(('Matriz Criterios'!$H$13:$V$13="X")*ISNUMBER('Registro Notas'!$D17:$R17)*'Registro Notas'!$D17:$R17)/SUMPRODUCT(('Matriz Criterios'!$H$13:$V$13="X")*ISNUMBER('Registro Notas'!$D17:$R17))) | K17: =IF(SUMPRODUCT(('Matriz Criterios'!$H$14:$V$14="X")*ISNUMBER('Registro Notas'!$D17:$R17))=0, "-", SUMPRODUCT(('Matriz Criterios'!$H$14:$V$14="X")*ISNUMBER('Registro Notas'!$D17:$R17)*'Registro Notas'!$D17:$R17)/SUMPRODUCT(('Matriz Criterios'!$H$14:$V$14="X")*ISNUMBER('Registro Notas'!$D17:$R17))) | L17: =IF(SUMPRODUCT(('Matriz Criterios'!$H$15:$V$15="X")*ISNUMBER('Registro Notas'!$D17:$R17))=0, "-", SUMPRODUCT(('Matriz Criterios'!$H$15:$V$15="X")*ISNUMBER('Registro Notas'!$D17:$R17)*'Registro Notas'!$D17:$R17)/SUMPRODUCT(('Matriz Criterios'!$H$15:$V$15="X")*ISNUMBER('Registro Notas'!$D17:$R17))) | M17: =IF(SUMPRODUCT(('Matriz Criterios'!$H$16:$V$16="X")*ISNUMBER('Registro Notas'!$D17:$R17))=0, "-", SUMPRODUCT(('Matriz Criterios'!$H$16:$V$16="X")*ISNUMBER('Registro Notas'!$D17:$R17)*'Registro Notas'!$D17:$R17)/SUMPRODUCT(('Matriz Criterios'!$H$16:$V$16="X")*ISNUMBER('Registro Notas'!$D17:$R17))) | N17: =IF(SUMPRODUCT(('Matriz Criterios'!$H$17:$V$17="X")*ISNUMBER('Registro Notas'!$D17:$R17))=0, "-", SUMPRODUCT(('Matriz Criterios'!$H$17:$V$17="X")*ISNUMBER('Registro Notas'!$D17:$R17)*'Registro Notas'!$D17:$R17)/SUMPRODUCT(('Matriz Criterios'!$H$17:$V$17="X")*ISNUMBER('Registro Notas'!$D17:$R17))) | O17: =IF(SUMPRODUCT(('Matriz Criterios'!$H$18:$V$18="X")*ISNUMBER('Registro Notas'!$D17:$R17))=0, "-", SUMPRODUCT(('Matriz Criterios'!$H$18:$V$18="X")*ISNUMBER('Registro Notas'!$D17:$R17)*'Registro Notas'!$D17:$R17)/SUMPRODUCT(('Matriz Criterios'!$H$18:$V$18="X")*ISNUMBER('Registro Notas'!$D17:$R17))) | P17: =IF(SUMPRODUCT(('Matriz Criterios'!$H$19:$V$19="X")*ISNUMBER('Registro Notas'!$D17:$R17))=0, "-", SUMPRODUCT(('Matriz Criterios'!$H$19:$V$19="X")*ISNUMBER('Registro Notas'!$D17:$R17)*'Registro Notas'!$D17:$R17)/SUMPRODUCT(('Matriz Criterios'!$H$19:$V$19="X")*ISNUMBER('Registro Notas'!$D17:$R17))) | Q17: =IF(SUMPRODUCT(('Matriz Criterios'!$H$20:$V$20="X")*ISNUMBER('Registro Notas'!$D17:$R17))=0, "-", SUMPRODUCT(('Matriz Criterios'!$H$20:$V$20="X")*ISNUMBER('Registro Notas'!$D17:$R17)*'Registro Notas'!$D17:$R17)/SUMPRODUCT(('Matriz Criterios'!$H$20:$V$20="X")*ISNUMBER('Registro Notas'!$D17:$R17))) | R17: =IF(SUMPRODUCT(('Matriz Criterios'!$H$21:$V$21="X")*ISNUMBER('Registro Notas'!$D17:$R17))=0, "-", SUMPRODUCT(('Matriz Criterios'!$H$21:$V$21="X")*ISNUMBER('Registro Notas'!$D17:$R17)*'Registro Notas'!$D17:$R17)/SUMPRODUCT(('Matriz Criterios'!$H$21:$V$21="X")*ISNUMBER('Registro Notas'!$D17:$R17))) | S17: =IF(SUMPRODUCT(('Matriz Criterios'!$H$22:$V$22="X")*ISNUMBER('Registro Notas'!$D17:$R17))=0, "-", SUMPRODUCT(('Matriz Criterios'!$H$22:$V$22="X")*ISNUMBER('Registro Notas'!$D17:$R17)*'Registro Notas'!$D17:$R17)/SUMPRODUCT(('Matriz Criterios'!$H$22:$V$22="X")*ISNUMBER('Registro Notas'!$D17:$R17))) | T17: =IF(SUMPRODUCT(('Matriz Criterios'!$H$23:$V$23="X")*ISNUMBER('Registro Notas'!$D17:$R17))=0, "-", SUMPRODUCT(('Matriz Criterios'!$H$23:$V$23="X")*ISNUMBER('Registro Notas'!$D17:$R17)*'Registro Notas'!$D17:$R17)/SUMPRODUCT(('Matriz Criterios'!$H$23:$V$23="X")*ISNUMBER('Registro Notas'!$D17:$R17))) | U17: =IF(SUMPRODUCT(('Matriz Criterios'!$H$24:$V$24="X")*ISNUMBER('Registro Notas'!$D17:$R17))=0, "-", SUMPRODUCT(('Matriz Criterios'!$H$24:$V$24="X")*ISNUMBER('Registro Notas'!$D17:$R17)*'Registro Notas'!$D17:$R17)/SUMPRODUCT(('Matriz Criterios'!$H$24:$V$24="X")*ISNUMBER('Registro Notas'!$D17:$R17))) | V17: =IF(SUMPRODUCT(('Matriz Criterios'!$H$25:$V$25="X")*ISNUMBER('Registro Notas'!$D17:$R17))=0, "-", SUMPRODUCT(('Matriz Criterios'!$H$25:$V$25="X")*ISNUMBER('Registro Notas'!$D17:$R17)*'Registro Notas'!$D17:$R17)/SUMPRODUCT(('Matriz Criterios'!$H$25:$V$25="X")*ISNUMBER('Registro Notas'!$D17:$R17))) | W17: =IF(SUMPRODUCT(('Matriz Criterios'!$H$26:$V$26="X")*ISNUMBER('Registro Notas'!$D17:$R17))=0, "-", SUMPRODUCT(('Matriz Criterios'!$H$26:$V$26="X")*ISNUMBER('Registro Notas'!$D17:$R17)*'Registro Notas'!$D17:$R17)/SUMPRODUCT(('Matriz Criterios'!$H$26:$V$26="X")*ISNUMBER('Registro Notas'!$D17:$R17))) | X17: =IF(SUMPRODUCT(('Matriz Criterios'!$H$27:$V$27="X")*ISNUMBER('Registro Notas'!$D17:$R17))=0, "-", SUMPRODUCT(('Matriz Criterios'!$H$27:$V$27="X")*ISNUMBER('Registro Notas'!$D17:$R17)*'Registro Notas'!$D17:$R17)/SUMPRODUCT(('Matriz Criterios'!$H$27:$V$27="X")*ISNUMBER('Registro Notas'!$D17:$R17))) | Y17: =IF(SUMPRODUCT(('Matriz Criterios'!$H$28:$V$28="X")*ISNUMBER('Registro Notas'!$D17:$R17))=0, "-", SUMPRODUCT(('Matriz Criterios'!$H$28:$V$28="X")*ISNUMBER('Registro Notas'!$D17:$R17)*'Registro Notas'!$D17:$R17)/SUMPRODUCT(('Matriz Criterios'!$H$28:$V$28="X")*ISNUMBER('Registro Notas'!$D17:$R17))) | Z17: =IF(SUMPRODUCT(('Matriz Criterios'!$H$29:$V$29="X")*ISNUMBER('Registro Notas'!$D17:$R17))=0, "-", SUMPRODUCT(('Matriz Criterios'!$H$29:$V$29="X")*ISNUMBER('Registro Notas'!$D17:$R17)*'Registro Notas'!$D17:$R17)/SUMPRODUCT(('Matriz Criterios'!$H$29:$V$29="X")*ISNUMBER('Registro Notas'!$D17:$R17))) | AA17: =IF(SUMPRODUCT(('Matriz Criterios'!$H$30:$V$30="X")*ISNUMBER('Registro Notas'!$D17:$R17))=0, "-", SUMPRODUCT(('Matriz Criterios'!$H$30:$V$30="X")*ISNUMBER('Registro Notas'!$D17:$R17)*'Registro Notas'!$D17:$R17)/SUMPRODUCT(('Matriz Criterios'!$H$30:$V$30="X")*ISNUMBER('Registro Notas'!$D17:$R17))) | AB17: =IF(SUMPRODUCT(('Matriz Criterios'!$H$31:$V$31="X")*ISNUMBER('Registro Notas'!$D17:$R17))=0, "-", SUMPRODUCT(('Matriz Criterios'!$H$31:$V$31="X")*ISNUMBER('Registro Notas'!$D17:$R17)*'Registro Notas'!$D17:$R17)/SUMPRODUCT(('Matriz Criterios'!$H$31:$V$31="X")*ISNUMBER('Registro Notas'!$D17:$R17))) | AC17: =IF(SUMPRODUCT(('Matriz Criterios'!$H$32:$V$32="X")*ISNUMBER('Registro Notas'!$D17:$R17))=0, "-", SUMPRODUCT(('Matriz Criterios'!$H$32:$V$32="X")*ISNUMBER('Registro Notas'!$D17:$R17)*'Registro Notas'!$D17:$R17)/SUMPRODUCT(('Matriz Criterios'!$H$32:$V$32="X")*ISNUMBER('Registro Notas'!$D17:$R17))) | AD17: =IF(SUMPRODUCT(('Matriz Criterios'!$H$33:$V$33="X")*ISNUMBER('Registro Notas'!$D17:$R17))=0, "-", SUMPRODUCT(('Matriz Criterios'!$H$33:$V$33="X")*ISNUMBER('Registro Notas'!$D17:$R17)*'Registro Notas'!$D17:$R17)/SUMPRODUCT(('Matriz Criterios'!$H$33:$V$33="X")*ISNUMBER('Registro Notas'!$D17:$R17))) | AE17: =IF(SUMPRODUCT(('Matriz Criterios'!$H$34:$V$34="X")*ISNUMBER('Registro Notas'!$D17:$R17))=0, "-", SUMPRODUCT(('Matriz Criterios'!$H$34:$V$34="X")*ISNUMBER('Registro Notas'!$D17:$R17)*'Registro Notas'!$D17:$R17)/SUMPRODUCT(('Matriz Criterios'!$H$34:$V$34="X")*ISNUMBER('Registro Notas'!$D17:$R17))) | AF17: =IF(SUMPRODUCT(('Matriz Criterios'!$H$35:$V$35="X")*ISNUMBER('Registro Notas'!$D17:$R17))=0, "-", SUMPRODUCT(('Matriz Criterios'!$H$35:$V$35="X")*ISNUMBER('Registro Notas'!$D17:$R17)*'Registro Notas'!$D17:$R17)/SUMPRODUCT(('Matriz Criterios'!$H$35:$V$35="X")*ISNUMBER('Registro Notas'!$D17:$R17))) | AG17: =IF(SUMPRODUCT(('Matriz Criterios'!$H$36:$V$36="X")*ISNUMBER('Registro Notas'!$D17:$R17))=0, "-", SUMPRODUCT(('Matriz Criterios'!$H$36:$V$36="X")*ISNUMBER('Registro Notas'!$D17:$R17)*'Registro Notas'!$D17:$R17)/SUMPRODUCT(('Matriz Criterios'!$H$36:$V$36="X")*ISNUMBER('Registro Notas'!$D17:$R17))) | AH17: =IF(SUMPRODUCT(('Matriz Criterios'!$H$37:$V$37="X")*ISNUMBER('Registro Notas'!$D17:$R17))=0, "-", SUMPRODUCT(('Matriz Criterios'!$H$37:$V$37="X")*ISNUMBER('Registro Notas'!$D17:$R17)*'Registro Notas'!$D17:$R17)/SUMPRODUCT(('Matriz Criterios'!$H$37:$V$37="X")*ISNUMBER('Registro Notas'!$D17:$R17))) | AI17: =IF(SUMPRODUCT(('Matriz Criterios'!$H$38:$V$38="X")*ISNUMBER('Registro Notas'!$D17:$R17))=0, "-", SUMPRODUCT(('Matriz Criterios'!$H$38:$V$38="X")*ISNUMBER('Registro Notas'!$D17:$R17)*'Registro Notas'!$D17:$R17)/SUMPRODUCT(('Matriz Criterios'!$H$38:$V$38="X")*ISNUMBER('Registro Notas'!$D17:$R17))) | AJ17: =IF(SUMPRODUCT(('Matriz Criterios'!$H$39:$V$39="X")*ISNUMBER('Registro Notas'!$D17:$R17))=0, "-", SUMPRODUCT(('Matriz Criterios'!$H$39:$V$39="X")*ISNUMBER('Registro Notas'!$D17:$R17)*'Registro Notas'!$D17:$R17)/SUMPRODUCT(('Matriz Criterios'!$H$39:$V$39="X")*ISNUMBER('Registro Notas'!$D17:$R17))) | AK17: =IF(SUMPRODUCT(('Matriz Criterios'!$H$40:$V$40="X")*ISNUMBER('Registro Notas'!$D17:$R17))=0, "-", SUMPRODUCT(('Matriz Criterios'!$H$40:$V$40="X")*ISNUMBER('Registro Notas'!$D17:$R17)*'Registro Notas'!$D17:$R17)/SUMPRODUCT(('Matriz Criterios'!$H$40:$V$40="X")*ISNUMBER('Registro Notas'!$D17:$R17))) | AL17: =IF(SUMPRODUCT(('Matriz Criterios'!$H$41:$V$41="X")*ISNUMBER('Registro Notas'!$D17:$R17))=0, "-", SUMPRODUCT(('Matriz Criterios'!$H$41:$V$41="X")*ISNUMBER('Registro Notas'!$D17:$R17)*'Registro Notas'!$D17:$R17)/SUMPRODUCT(('Matriz Criterios'!$H$41:$V$41="X")*ISNUMBER('Registro Notas'!$D17:$R17))) | AM17: =IF(SUMPRODUCT(('Matriz Criterios'!$H$42:$V$42="X")*ISNUMBER('Registro Notas'!$D17:$R17))=0, "-", SUMPRODUCT(('Matriz Criterios'!$H$42:$V$42="X")*ISNUMBER('Registro Notas'!$D17:$R17)*'Registro Notas'!$D17:$R17)/SUMPRODUCT(('Matriz Criterios'!$H$42:$V$42="X")*ISNUMBER('Registro Notas'!$D17:$R17))) | AN17: =IF(SUMPRODUCT(('Matriz Criterios'!$H$43:$V$43="X")*ISNUMBER('Registro Notas'!$D17:$R17))=0, "-", SUMPRODUCT(('Matriz Criterios'!$H$43:$V$43="X")*ISNUMBER('Registro Notas'!$D17:$R17)*'Registro Notas'!$D17:$R17)/SUMPRODUCT(('Matriz Criterios'!$H$43:$V$43="X")*ISNUMBER('Registro Notas'!$D17:$R17))) | AO17: =IF(SUMPRODUCT(('Matriz Criterios'!$H$44:$V$44="X")*ISNUMBER('Registro Notas'!$D17:$R17))=0, "-", SUMPRODUCT(('Matriz Criterios'!$H$44:$V$44="X")*ISNUMBER('Registro Notas'!$D17:$R17)*'Registro Notas'!$D17:$R17)/SUMPRODUCT(('Matriz Criterios'!$H$44:$V$44="X")*ISNUMBER('Registro Notas'!$D17:$R17))) | AP17: =IF(SUMPRODUCT(('Matriz Criterios'!$H$45:$V$45="X")*ISNUMBER('Registro Notas'!$D17:$R17))=0, "-", SUMPRODUCT(('Matriz Criterios'!$H$45:$V$45="X")*ISNUMBER('Registro Notas'!$D17:$R17)*'Registro Notas'!$D17:$R17)/SUMPRODUCT(('Matriz Criterios'!$H$45:$V$45="X")*ISNUMBER('Registro Notas'!$D17:$R17))) | AQ17: =AVERAGE(C17:AP17) | AR17: =COUNTIF(C17:AP17, ">=5")
... A20: 15 | B20: Torres Lozano, Irene | C20: =IF(SUMPRODUCT(('Matriz Criterios'!$H$6:$V$6="X")*ISNUMBER('Registro Notas'!$D20:$R20))=0, "-", SUMPRODUCT(('Matriz Criterios'!$H$6:$V$6="X")*ISNUMBER('Registro Notas'!$D20:$R20)*'Registro Notas'!$D20:$R20)/SUMPRODUCT(('Matriz Criterios'!$H$6:$V$6="X")*ISNUMBER('Registro Notas'!$D20:$R20))) | D20: =IF(SUMPRODUCT(('Matriz Criterios'!$H$7:$V$7="X")*ISNUMBER('Registro Notas'!$D20:$R20))=0, "-", SUMPRODUCT(('Matriz Criterios'!$H$7:$V$7="X")*ISNUMBER('Registro Notas'!$D20:$R20)*'Registro Notas'!$D20:$R20)/SUMPRODUCT(('Matriz Criterios'!$H$7:$V$7="X")*ISNUMBER('Registro Notas'!$D20:$R20))) | E20: =IF(SUMPRODUCT(('Matriz Criterios'!$H$8:$V$8="X")*ISNUMBER('Registro Notas'!$D20:$R20))=0, "-", SUMPRODUCT(('Matriz Criterios'!$H$8:$V$8="X")*ISNUMBER('Registro Notas'!$D20:$R20)*'Registro Notas'!$D20:$R20)/SUMPRODUCT(('Matriz Criterios'!$H$8:$V$8="X")*ISNUMBER('Registro Notas'!$D20:$R20))) | F20: =IF(SUMPRODUCT(('Matriz Criterios'!$H$9:$V$9="X")*ISNUMBER('Registro Notas'!$D20:$R20))=0, "-", SUMPRODUCT(('Matriz Criterios'!$H$9:$V$9="X")*ISNUMBER('Registro Notas'!$D20:$R20)*'Registro Notas'!$D20:$R20)/SUMPRODUCT(('Matriz Criterios'!$H$9:$V$9="X")*ISNUMBER('Registro Notas'!$D20:$R20))) | G20: =IF(SUMPRODUCT(('Matriz Criterios'!$H$10:$V$10="X")*ISNUMBER('Registro Notas'!$D20:$R20))=0, "-", SUMPRODUCT(('Matriz Criterios'!$H$10:$V$10="X")*ISNUMBER('Registro Notas'!$D20:$R20)*'Registro Notas'!$D20:$R20)/SUMPRODUCT(('Matriz Criterios'!$H$10:$V$10="X")*ISNUMBER('Registro Notas'!$D20:$R20))) | H20: =IF(SUMPRODUCT(('Matriz Criterios'!$H$11:$V$11="X")*ISNUMBER('Registro Notas'!$D20:$R20))=0, "-", SUMPRODUCT(('Matriz Criterios'!$H$11:$V$11="X")*ISNUMBER('Registro Notas'!$D20:$R20)*'Registro Notas'!$D20:$R20)/SUMPRODUCT(('Matriz Criterios'!$H$11:$V$11="X")*ISNUMBER('Registro Notas'!$D20:$R20))) | I20: =IF(SUMPRODUCT(('Matriz Criterios'!$H$12:$V$12="X")*ISNUMBER('Registro Notas'!$D20:$R20))=0, "-", SUMPRODUCT(('Matriz Criterios'!$H$12:$V$12="X")*ISNUMBER('Registro Notas'!$D20:$R20)*'Registro Notas'!$D20:$R20)/SUMPRODUCT(('Matriz Criterios'!$H$12:$V$12="X")*ISNUMBER('Registro Notas'!$D20:$R20))) | J20: =IF(SUMPRODUCT(('Matriz Criterios'!$H$13:$V$13="X")*ISNUMBER('Registro Notas'!$D20:$R20))=0, "-", SUMPRODUCT(('Matriz Criterios'!$H$13:$V$13="X")*ISNUMBER('Registro Notas'!$D20:$R20)*'Registro Notas'!$D20:$R20)/SUMPRODUCT(('Matriz Criterios'!$H$13:$V$13="X")*ISNUMBER('Registro Notas'!$D20:$R20))) | K20: =IF(SUMPRODUCT(('Matriz Criterios'!$H$14:$V$14="X")*ISNUMBER('Registro Notas'!$D20:$R20))=0, "-", SUMPRODUCT(('Matriz Criterios'!$H$14:$V$14="X")*ISNUMBER('Registro Notas'!$D20:$R20)*'Registro Notas'!$D20:$R20)/SUMPRODUCT(('Matriz Criterios'!$H$14:$V$14="X")*ISNUMBER('Registro Notas'!$D20:$R20))) | L20: =IF(SUMPRODUCT(('Matriz Criterios'!$H$15:$V$15="X")*ISNUMBER('Registro Notas'!$D20:$R20))=0, "-", SUMPRODUCT(('Matriz Criterios'!$H$15:$V$15="X")*ISNUMBER('Registro Notas'!$D20:$R20)*'Registro Notas'!$D20:$R20)/SUMPRODUCT(('Matriz Criterios'!$H$15:$V$15="X")*ISNUMBER('Registro Notas'!$D20:$R20))) | M20: =IF(SUMPRODUCT(('Matriz Criterios'!$H$16:$V$16="X")*ISNUMBER('Registro Notas'!$D20:$R20))=0, "-", SUMPRODUCT(('Matriz Criterios'!$H$16:$V$16="X")*ISNUMBER('Registro Notas'!$D20:$R20)*'Registro Notas'!$D20:$R20)/SUMPRODUCT(('Matriz Criterios'!$H$16:$V$16="X")*ISNUMBER('Registro Notas'!$D20:$R20))) | N20: =IF(SUMPRODUCT(('Matriz Criterios'!$H$17:$V$17="X")*ISNUMBER('Registro Notas'!$D20:$R20))=0, "-", SUMPRODUCT(('Matriz Criterios'!$H$17:$V$17="X")*ISNUMBER('Registro Notas'!$D20:$R20)*'Registro Notas'!$D20:$R20)/SUMPRODUCT(('Matriz Criterios'!$H$17:$V$17="X")*ISNUMBER('Registro Notas'!$D20:$R20))) | O20: =IF(SUMPRODUCT(('Matriz Criterios'!$H$18:$V$18="X")*ISNUMBER('Registro Notas'!$D20:$R20))=0, "-", SUMPRODUCT(('Matriz Criterios'!$H$18:$V$18="X")*ISNUMBER('Registro Notas'!$D20:$R20)*'Registro Notas'!$D20:$R20)/SUMPRODUCT(('Matriz Criterios'!$H$18:$V$18="X")*ISNUMBER('Registro Notas'!$D20:$R20))) | P20: =IF(SUMPRODUCT(('Matriz Criterios'!$H$19:$V$19="X")*ISNUMBER('Registro Notas'!$D20:$R20))=0, "-", SUMPRODUCT(('Matriz Criterios'!$H$19:$V$19="X")*ISNUMBER('Registro Notas'!$D20:$R20)*'Registro Notas'!$D20:$R20)/SUMPRODUCT(('Matriz Criterios'!$H$19:$V$19="X")*ISNUMBER('Registro Notas'!$D20:$R20))) | Q20: =IF(SUMPRODUCT(('Matriz Criterios'!$H$20:$V$20="X")*ISNUMBER('Registro Notas'!$D20:$R20))=0, "-", SUMPRODUCT(('Matriz Criterios'!$H$20:$V$20="X")*ISNUMBER('Registro Notas'!$D20:$R20)*'Registro Notas'!$D20:$R20)/SUMPRODUCT(('Matriz Criterios'!$H$20:$V$20="X")*ISNUMBER('Registro Notas'!$D20:$R20))) | R20: =IF(SUMPRODUCT(('Matriz Criterios'!$H$21:$V$21="X")*ISNUMBER('Registro Notas'!$D20:$R20))=0, "-", SUMPRODUCT(('Matriz Criterios'!$H$21:$V$21="X")*ISNUMBER('Registro Notas'!$D20:$R20)*'Registro Notas'!$D20:$R20)/SUMPRODUCT(('Matriz Criterios'!$H$21:$V$21="X")*ISNUMBER('Registro Notas'!$D20:$R20))) | S20: =IF(SUMPRODUCT(('Matriz Criterios'!$H$22:$V$22="X")*ISNUMBER('Registro Notas'!$D20:$R20))=0, "-", SUMPRODUCT(('Matriz Criterios'!$H$22:$V$22="X")*ISNUMBER('Registro Notas'!$D20:$R20)*'Registro Notas'!$D20:$R20)/SUMPRODUCT(('Matriz Criterios'!$H$22:$V$22="X")*ISNUMBER('Registro Notas'!$D20:$R20))) | T20: =IF(SUMPRODUCT(('Matriz Criterios'!$H$23:$V$23="X")*ISNUMBER('Registro Notas'!$D20:$R20))=0, "-", SUMPRODUCT(('Matriz Criterios'!$H$23:$V$23="X")*ISNUMBER('Registro Notas'!$D20:$R20)*'Registro Notas'!$D20:$R20)/SUMPRODUCT(('Matriz Criterios'!$H$23:$V$23="X")*ISNUMBER('Registro Notas'!$D20:$R20))) | U20: =IF(SUMPRODUCT(('Matriz Criterios'!$H$24:$V$24="X")*ISNUMBER('Registro Notas'!$D20:$R20))=0, "-", SUMPRODUCT(('Matriz Criterios'!$H$24:$V$24="X")*ISNUMBER('Registro Notas'!$D20:$R20)*'Registro Notas'!$D20:$R20)/SUMPRODUCT(('Matriz Criterios'!$H$24:$V$24="X")*ISNUMBER('Registro Notas'!$D20:$R20))) | V20: =IF(SUMPRODUCT(('Matriz Criterios'!$H$25:$V$25="X")*ISNUMBER('Registro Notas'!$D20:$R20))=0, "-", SUMPRODUCT(('Matriz Criterios'!$H$25:$V$25="X")*ISNUMBER('Registro Notas'!$D20:$R20)*'Registro Notas'!$D20:$R20)/SUMPRODUCT(('Matriz Criterios'!$H$25:$V$25="X")*ISNUMBER('Registro Notas'!$D20:$R20))) | W20: =IF(SUMPRODUCT(('Matriz Criterios'!$H$26:$V$26="X")*ISNUMBER('Registro Notas'!$D20:$R20))=0, "-", SUMPRODUCT(('Matriz Criterios'!$H$26:$V$26="X")*ISNUMBER('Registro Notas'!$D20:$R20)*'Registro Notas'!$D20:$R20)/SUMPRODUCT(('Matriz Criterios'!$H$26:$V$26="X")*ISNUMBER('Registro Notas'!$D20:$R20))) | X20: =IF(SUMPRODUCT(('Matriz Criterios'!$H$27:$V$27="X")*ISNUMBER('Registro Notas'!$D20:$R20))=0, "-", SUMPRODUCT(('Matriz Criterios'!$H$27:$V$27="X")*ISNUMBER('Registro Notas'!$D20:$R20)*'Registro Notas'!$D20:$R20)/SUMPRODUCT(('Matriz Criterios'!$H$27:$V$27="X")*ISNUMBER('Registro Notas'!$D20:$R20))) | Y20: =IF(SUMPRODUCT(('Matriz Criterios'!$H$28:$V$28="X")*ISNUMBER('Registro Notas'!$D20:$R20))=0, "-", SUMPRODUCT(('Matriz Criterios'!$H$28:$V$28="X")*ISNUMBER('Registro Notas'!$D20:$R20)*'Registro Notas'!$D20:$R20)/SUMPRODUCT(('Matriz Criterios'!$H$28:$V$28="X")*ISNUMBER('Registro Notas'!$D20:$R20))) | Z20: =IF(SUMPRODUCT(('Matriz Criterios'!$H$29:$V$29="X")*ISNUMBER('Registro Notas'!$D20:$R20))=0, "-", SUMPRODUCT(('Matriz Criterios'!$H$29:$V$29="X")*ISNUMBER('Registro Notas'!$D20:$R20)*'Registro Notas'!$D20:$R20)/SUMPRODUCT(('Matriz Criterios'!$H$29:$V$29="X")*ISNUMBER('Registro Notas'!$D20:$R20))) | AA20: =IF(SUMPRODUCT(('Matriz Criterios'!$H$30:$V$30="X")*ISNUMBER('Registro Notas'!$D20:$R20))=0, "-", SUMPRODUCT(('Matriz Criterios'!$H$30:$V$30="X")*ISNUMBER('Registro Notas'!$D20:$R20)*'Registro Notas'!$D20:$R20)/SUMPRODUCT(('Matriz Criterios'!$H$30:$V$30="X")*ISNUMBER('Registro Notas'!$D20:$R20))) | AB20: =IF(SUMPRODUCT(('Matriz Criterios'!$H$31:$V$31="X")*ISNUMBER('Registro Notas'!$D20:$R20))=0, "-", SUMPRODUCT(('Matriz Criterios'!$H$31:$V$31="X")*ISNUMBER('Registro Notas'!$D20:$R20)*'Registro Notas'!$D20:$R20)/SUMPRODUCT(('Matriz Criterios'!$H$31:$V$31="X")*ISNUMBER('Registro Notas'!$D20:$R20))) | AC20: =IF(SUMPRODUCT(('Matriz Criterios'!$H$32:$V$32="X")*ISNUMBER('Registro Notas'!$D20:$R20))=0, "-", SUMPRODUCT(('Matriz Criterios'!$H$32:$V$32="X")*ISNUMBER('Registro Notas'!$D20:$R20)*'Registro Notas'!$D20:$R20)/SUMPRODUCT(('Matriz Criterios'!$H$32:$V$32="X")*ISNUMBER('Registro Notas'!$D20:$R20))) | AD20: =IF(SUMPRODUCT(('Matriz Criterios'!$H$33:$V$33="X")*ISNUMBER('Registro Notas'!$D20:$R20))=0, "-", SUMPRODUCT(('Matriz Criterios'!$H$33:$V$33="X")*ISNUMBER('Registro Notas'!$D20:$R20)*'Registro Notas'!$D20:$R20)/SUMPRODUCT(('Matriz Criterios'!$H$33:$V$33="X")*ISNUMBER('Registro Notas'!$D20:$R20))) | AE20: =IF(SUMPRODUCT(('Matriz Criterios'!$H$34:$V$34="X")*ISNUMBER('Registro Notas'!$D20:$R20))=0, "-", SUMPRODUCT(('Matriz Criterios'!$H$34:$V$34="X")*ISNUMBER('Registro Notas'!$D20:$R20)*'Registro Notas'!$D20:$R20)/SUMPRODUCT(('Matriz Criterios'!$H$34:$V$34="X")*ISNUMBER('Registro Notas'!$D20:$R20))) | AF20: =IF(SUMPRODUCT(('Matriz Criterios'!$H$35:$V$35="X")*ISNUMBER('Registro Notas'!$D20:$R20))=0, "-", SUMPRODUCT(('Matriz Criterios'!$H$35:$V$35="X")*ISNUMBER('Registro Notas'!$D20:$R20)*'Registro Notas'!$D20:$R20)/SUMPRODUCT(('Matriz Criterios'!$H$35:$V$35="X")*ISNUMBER('Registro Notas'!$D20:$R20))) | AG20: =IF(SUMPRODUCT(('Matriz Criterios'!$H$36:$V$36="X")*ISNUMBER('Registro Notas'!$D20:$R20))=0, "-", SUMPRODUCT(('Matriz Criterios'!$H$36:$V$36="X")*ISNUMBER('Registro Notas'!$D20:$R20)*'Registro Notas'!$D20:$R20)/SUMPRODUCT(('Matriz Criterios'!$H$36:$V$36="X")*ISNUMBER('Registro Notas'!$D20:$R20))) | AH20: =IF(SUMPRODUCT(('Matriz Criterios'!$H$37:$V$37="X")*ISNUMBER('Registro Notas'!$D20:$R20))=0, "-", SUMPRODUCT(('Matriz Criterios'!$H$37:$V$37="X")*ISNUMBER('Registro Notas'!$D20:$R20)*'Registro Notas'!$D20:$R20)/SUMPRODUCT(('Matriz Criterios'!$H$37:$V$37="X")*ISNUMBER('Registro Notas'!$D20:$R20))) | AI20: =IF(SUMPRODUCT(('Matriz Criterios'!$H$38:$V$38="X")*ISNUMBER('Registro Notas'!$D20:$R20))=0, "-", SUMPRODUCT(('Matriz Criterios'!$H$38:$V$38="X")*ISNUMBER('Registro Notas'!$D20:$R20)*'Registro Notas'!$D20:$R20)/SUMPRODUCT(('Matriz Criterios'!$H$38:$V$38="X")*ISNUMBER('Registro Notas'!$D20:$R20))) | AJ20: =IF(SUMPRODUCT(('Matriz Criterios'!$H$39:$V$39="X")*ISNUMBER('Registro Notas'!$D20:$R20))=0, "-", SUMPRODUCT(('Matriz Criterios'!$H$39:$V$39="X")*ISNUMBER('Registro Notas'!$D20:$R20)*'Registro Notas'!$D20:$R20)/SUMPRODUCT(('Matriz Criterios'!$H$39:$V$39="X")*ISNUMBER('Registro Notas'!$D20:$R20))) | AK20: =IF(SUMPRODUCT(('Matriz Criterios'!$H$40:$V$40="X")*ISNUMBER('Registro Notas'!$D20:$R20))=0, "-", SUMPRODUCT(('Matriz Criterios'!$H$40:$V$40="X")*ISNUMBER('Registro Notas'!$D20:$R20)*'Registro Notas'!$D20:$R20)/SUMPRODUCT(('Matriz Criterios'!$H$40:$V$40="X")*ISNUMBER('Registro Notas'!$D20:$R20))) | AL20: =IF(SUMPRODUCT(('Matriz Criterios'!$H$41:$V$41="X")*ISNUMBER('Registro Notas'!$D20:$R20))=0, "-", SUMPRODUCT(('Matriz Criterios'!$H$41:$V$41="X")*ISNUMBER('Registro Notas'!$D20:$R20)*'Registro Notas'!$D20:$R20)/SUMPRODUCT(('Matriz Criterios'!$H$41:$V$41="X")*ISNUMBER('Registro Notas'!$D20:$R20))) | AM20: =IF(SUMPRODUCT(('Matriz Criterios'!$H$42:$V$42="X")*ISNUMBER('Registro Notas'!$D20:$R20))=0, "-", SUMPRODUCT(('Matriz Criterios'!$H$42:$V$42="X")*ISNUMBER('Registro Notas'!$D20:$R20)*'Registro Notas'!$D20:$R20)/SUMPRODUCT(('Matriz Criterios'!$H$42:$V$42="X")*ISNUMBER('Registro Notas'!$D20:$R20))) | AN20: =IF(SUMPRODUCT(('Matriz Criterios'!$H$43:$V$43="X")*ISNUMBER('Registro Notas'!$D20:$R20))=0, "-", SUMPRODUCT(('Matriz Criterios'!$H$43:$V$43="X")*ISNUMBER('Registro Notas'!$D20:$R20)*'Registro Notas'!$D20:$R20)/SUMPRODUCT(('Matriz Criterios'!$H$43:$V$43="X")*ISNUMBER('Registro Notas'!$D20:$R20))) | AO20: =IF(SUMPRODUCT(('Matriz Criterios'!$H$44:$V$44="X")*ISNUMBER('Registro Notas'!$D20:$R20))=0, "-", SUMPRODUCT(('Matriz Criterios'!$H$44:$V$44="X")*ISNUMBER('Registro Notas'!$D20:$R20)*'Registro Notas'!$D20:$R20)/SUMPRODUCT(('Matriz Criterios'!$H$44:$V$44="X")*ISNUMBER('Registro Notas'!$D20:$R20))) | AP20: =IF(SUMPRODUCT(('Matriz Criterios'!$H$45:$V$45="X")*ISNUMBER('Registro Notas'!$D20:$R20))=0, "-", SUMPRODUCT(('Matriz Criterios'!$H$45:$V$45="X")*ISNUMBER('Registro Notas'!$D20:$R20)*'Registro Notas'!$D20:$R20)/SUMPRODUCT(('Matriz Criterios'!$H$45:$V$45="X")*ISNUMBER('Registro Notas'!$D20:$R20))) | AQ20: =AVERAGE(C20:AP20) | AR20: =COUNTIF(C20:AP20, ">=5")
A21: PROMEDIO DEL GRUPO | C21: =AVERAGE(C6:C20) | D21: =AVERAGE(D6:D20) | E21: =AVERAGE(E6:E20) | F21: =AVERAGE(F6:F20) | G21: =AVERAGE(G6:G20) | H21: =AVERAGE(H6:H20) | I21: =AVERAGE(I6:I20) | J21: =AVERAGE(J6:J20) | ... AR21: =AVERAGE(AR6:AR20)

Sheet Calculo RAs
A1: CALIFICACIÓN POR RESULTADOS DE APRENDIZAJE (RA1 a RA8) — PONDERACIÓN OFICIAL
A2: Cada Resultado de Aprendizaje se obtiene promediando sus Criterios de Evaluación evaluados. La Nota Final aplica los pesos oficiales del título en Andalucía.
A4: Nº | B4: Apellidos, Nombre | C4: RA1 (22%) Interfaces Gráficas UX & Layouts | D4: RA2 (16%) Interfaces NUI Voz & Gestos | E4: RA3 (20%) Componentes Angular Standalone | F4: RA4 (11%) Accesibilidad Universal WCAG | G4: RA5 (4%) Informes PDF y Dashboards | H4: RA6 (7%) Documentación y Storybook | I4: RA7 (10%) Escritorio Electron y Empaquetado | J4: RA8 (10%) Pruebas Vitest y Playwright E2E | K4: CALIFICACIÓN FINAL ORDINARIA (100%)
A6: 1 | B6: Álvarez Gómez, Laura | C6: =AVERAGE('Calculo CEs'!C6:H6) | D6: =AVERAGE('Calculo CEs'!I6:M6) | E6: =AVERAGE('Calculo CEs'!N6:S6) | F6: =AVERAGE('Calculo CEs'!T6:X6) | G6: =AVERAGE('Calculo CEs'!Y6:AB6) | H6: =AVERAGE('Calculo CEs'!AC6:AF6) | I6: =AVERAGE('Calculo CEs'!AG6:AK6) | J6: =AVERAGE('Calculo CEs'!AL6:AP6) | K6: =C6*0.22 + D6*0.16 + E6*0.20 + F6*0.11 + G6*0.04 + H6*0.07 + I6*0.10 + J6*0.10
A7: 2 | B7: Benítez Romero, Carlos | C7: =AVERAGE('Calculo CEs'!C7:H7) | D7: =AVERAGE('Calculo CEs'!I7:M7) | E7: =AVERAGE('Calculo CEs'!N7:S7) | F7: =AVERAGE('Calculo CEs'!T7:X7) | G7: =AVERAGE('Calculo CEs'!Y7:AB7) | H7: =AVERAGE('Calculo CEs'!AC7:AF7) | I7: =AVERAGE('Calculo CEs'!AG7:AK7) | J7: =AVERAGE('Calculo CEs'!AL7:AP7) | K7: =C7*0.22 + D7*0.16 + E7*0.20 + F7*0.11 + G7*0.04 + H7*0.07 + I7*0.10 + J7*0.10
A8: 3 | B8: Castillo Morales, Elena | C8: =AVERAGE('Calculo CEs'!C8:H8) | D8: =AVERAGE('Calculo CEs'!I8:M8) | E8: =AVERAGE('Calculo CEs'!N8:S8) | F8: =AVERAGE('Calculo CEs'!T8:X8) | G8: =AVERAGE('Calculo CEs'!Y8:AB8) | H8: =AVERAGE('Calculo CEs'!AC8:AF8) | I8: =AVERAGE('Calculo CEs'!AG8:AK8) | J8: =AVERAGE('Calculo CEs'!AL8:AP8) | K8: =C8*0.22 + D8*0.16 + E8*0.20 + F8*0.11 + G8*0.04 + H8*0.07 + I8*0.10 + J8*0.10
A9: 4 | B9: Delgado Santos, Alejandro | C9: =AVERAGE('Calculo CEs'!C9:H9) | D9: =AVERAGE('Calculo CEs'!I9:M9) | E9: =AVERAGE('Calculo CEs'!N9:S9) | F9: =AVERAGE('Calculo CEs'!T9:X9) | G9: =AVERAGE('Calculo CEs'!Y9:AB9) | H9: =AVERAGE('Calculo CEs'!AC9:AF9) | I9: =AVERAGE('Calculo CEs'!AG9:AK9) | J9: =AVERAGE('Calculo CEs'!AL9:AP9) | K9: =C9*0.22 + D9*0.16 + E9*0.20 + F9*0.11 + G9*0.04 + H9*0.07 + I9*0.10 + J9*0.10
A10: 5 | B10: Fernández Navarro, Lucía | C10: =AVERAGE('Calculo CEs'!C10:H10) | D10: =AVERAGE('Calculo CEs'!I10:M10) | E10: =AVERAGE('Calculo CEs'!N10:S10) | F10: =AVERAGE('Calculo CEs'!T10:X10) | G10: =AVERAGE('Calculo CEs'!Y10:AB10) | H10: =AVERAGE('Calculo CEs'!AC10:AF10) | I10: =AVERAGE('Calculo CEs'!AG10:AK10) | J10: =AVERAGE('Calculo CEs'!AL10:AP10) | K10: =C10*0.22 + D10*0.16 + E10*0.20 + F10*0.11 + G10*0.04 + H10*0.07 + I10*0.10 + J10*0.10
A11: 6 | B11: García Serrano, David | C11: =AVERAGE('Calculo CEs'!C11:H11) | D11: =AVERAGE('Calculo CEs'!I11:M11) | E11: =AVERAGE('Calculo CEs'!N11:S11) | F11: =AVERAGE('Calculo CEs'!T11:X11) | G11: =AVERAGE('Calculo CEs'!Y11:AB11) | H11: =AVERAGE('Calculo CEs'!AC11:AF11) | I11: =AVERAGE('Calculo CEs'!AG11:AK11) | J11: =AVERAGE('Calculo CEs'!AL11:AP11) | K11: =C11*0.22 + D11*0.16 + E11*0.20 + F11*0.11 + G11*0.04 + H11*0.07 + I11*0.10 + J11*0.10
A12: 7 | B12: Herrera Cruz, Marta | C12: =AVERAGE('Calculo CEs'!C12:H12) | D12: =AVERAGE('Calculo CEs'!I12:M12) | E12: =AVERAGE('Calculo CEs'!N12:S12) | F12: =AVERAGE('Calculo CEs'!T12:X12) | G12: =AVERAGE('Calculo CEs'!Y12:AB12) | H12: =AVERAGE('Calculo CEs'!AC12:AF12) | I12: =AVERAGE('Calculo CEs'!AG12:AK12) | J12: =AVERAGE('Calculo CEs'!AL12:AP12) | K12: =C12*0.22 + D12*0.16 + E12*0.20 + F12*0.11 + G12*0.04 + H12*0.07 + I12*0.10 + J12*0.10
A13: 8 | B13: Jiménez Ortiz, Pablo | C13: =AVERAGE('Calculo CEs'!C13:H13) | D13: =AVERAGE('Calculo CEs'!I13:M13) | E13: =AVERAGE('Calculo CEs'!N13:S13) | F13: =AVERAGE('Calculo CEs'!T13:X13) | G13: =AVERAGE('Calculo CEs'!Y13:AB13) | H13: =AVERAGE('Calculo CEs'!AC13:AF13) | I13: =AVERAGE('Calculo CEs'!AG13:AK13) | J13: =AVERAGE('Calculo CEs'!AL13:AP13) | K13: =C13*0.22 + D13*0.16 + E13*0.20 + F13*0.11 + G13*0.04 + H13*0.07 + I13*0.10 + J13*0.10
A14: 9 | B14: López Molina, Sara | C14: =AVERAGE('Calculo CEs'!C14:H14) | D14: =AVERAGE('Calculo CEs'!I14:M14) | E14: =AVERAGE('Calculo CEs'!N14:S14) | F14: =AVERAGE('Calculo CEs'!T14:X14) | G14: =AVERAGE('Calculo CEs'!Y14:AB14) | H14: =AVERAGE('Calculo CEs'!AC14:AF14) | I14: =AVERAGE('Calculo CEs'!AG14:AK14) | J14: =AVERAGE('Calculo CEs'!AL14:AP14) | K14: =C14*0.22 + D14*0.16 + E14*0.20 + F14*0.11 + G14*0.04 + H14*0.07 + I14*0.10 + J14*0.10
A15: 10 | B15: Martín Vega, Javier | C15: =AVERAGE('Calculo CEs'!C15:H15) | D15: =AVERAGE('Calculo CEs'!I15:M15) | E15: =AVERAGE('Calculo CEs'!N15:S15) | F15: =AVERAGE('Calculo CEs'!T15:X15) | G15: =AVERAGE('Calculo CEs'!Y15:AB15) | H15: =AVERAGE('Calculo CEs'!AC15:AF15) | I15: =AVERAGE('Calculo CEs'!AG15:AK15) | J15: =AVERAGE('Calculo CEs'!AL15:AP15) | K15: =C15*0.22 + D15*0.16 + E15*0.20 + F15*0.11 + G15*0.04 + H15*0.07 + I15*0.10 + J15*0.10
A16: 11 | B16: Navarro Gil, Ana | C16: =AVERAGE('Calculo CEs'!C16:H16) | D16: =AVERAGE('Calculo CEs'!I16:M16) | E16: =AVERAGE('Calculo CEs'!N16:S16) | F16: =AVERAGE('Calculo CEs'!T16:X16) | G16: =AVERAGE('Calculo CEs'!Y16:AB16) | H16: =AVERAGE('Calculo CEs'!AC16:AF16) | I16: =AVERAGE('Calculo CEs'!AG16:AK16) | J16: =AVERAGE('Calculo CEs'!AL16:AP16) | K16: =C16*0.22 + D16*0.16 + E16*0.20 + F16*0.11 + G16*0.04 + H16*0.07 + I16*0.10 + J16*0.10
A17: 12 | B17: Pérez Rubio, Álvaro | C17: =AVERAGE('Calculo CEs'!C17:H17) | D17: =AVERAGE('Calculo CEs'!I17:M17) | E17: =AVERAGE('Calculo CEs'!N17:S17) | F17: =AVERAGE('Calculo CEs'!T17:X17) | G17: =AVERAGE('Calculo CEs'!Y17:AB17) | H17: =AVERAGE('Calculo CEs'!AC17:AF17) | I17: =AVERAGE('Calculo CEs'!AG17:AK17) | J17: =AVERAGE('Calculo CEs'!AL17:AP17) | K17: =C17*0.22 + D17*0.16 + E17*0.20 + F17*0.11 + G17*0.04 + H17*0.07 + I17*0.10 + J17*0.10
... A20: 15 | B20: Torres Lozano, Irene | C20: =AVERAGE('Calculo CEs'!C20:H20) | D20: =AVERAGE('Calculo CEs'!I20:M20) | E20: =AVERAGE('Calculo CEs'!N20:S20) | F20: =AVERAGE('Calculo CEs'!T20:X20) | G20: =AVERAGE('Calculo CEs'!Y20:AB20) | H20: =AVERAGE('Calculo CEs'!AC20:AF20) | I20: =AVERAGE('Calculo CEs'!AG20:AK20) | J20: =AVERAGE('Calculo CEs'!AL20:AP20) | K20: =C20*0.22 + D20*0.16 + E20*0.20 + F20*0.11 + G20*0.04 + H20*0.07 + I20*0.10 + J20*0.10
A21: PROMEDIO DEL GRUPO | C21: =AVERAGE(C6:C20) | D21: =AVERAGE(D6:D20) | E21: =AVERAGE(E6:E20) | F21: =AVERAGE(F6:F20) | G21: =AVERAGE(G6:G20) | H21: =AVERAGE(H6:H20) | I21: =AVERAGE(I6:I20) | J21: =AVERAGE(J6:J20) | K21: =AVERAGE(K6:K20)

Sheet Panel de Control
A1: PANEL DE CONTROL GENERAL — DESARROLLO DE INTERFACES (2º DAM)
A2: Síntesis Integral: Trimestres, Resultados de Aprendizaje Oficiales, Calificación Ordinaria y Acceso a Formación en Empresa (Dual)
B4: ALUMNADO MATRICULADO | E4: APROBADOS EVAL. ORDINARIA | H4: SUSPENSOS EVAL. ORDINARIA | K4: NOTA MEDIA DEL GRUPO | N4: TASA DE ÉXITO ACADÉMICO
B5: =COUNTA(A9:A23) | E5: =COUNTIF(N9:N23, ">=5") | H5: =COUNTIF(N9:N23, "<5") | K5: =AVERAGE(N9:N23) | N5: =E5/B5
A8: Nº | B8: Apellidos, Nombre | C8: 1º Trim (T1) | D8: 2º Trim (T2) | E8: RA1 (22%) | F8: RA2 (16%) | G8: RA3 (20%) | H8: RA4 (11%) | I8: RA5 (4%) | J8: RA6 (7%) | K8: RA7 (10%) | L8: RA8 (10%) | M8: Media T1-T2 | N8: Nota Final Ordinaria (Marzo) | O8: Calificación Cualitativa | P8: Acceso a Dual en Empresa
A9: 1 | B9: Álvarez Gómez, Laura | C9: ='Registro Notas'!S6 | D9: ='Registro Notas'!T6 | E9: ='Calculo RAs'!C6 | F9: ='Calculo RAs'!D6 | G9: ='Calculo RAs'!E6 | H9: ='Calculo RAs'!F6 | I9: ='Calculo RAs'!G6 | J9: ='Calculo RAs'!H6 | K9: ='Calculo RAs'!I6 | L9: ='Calculo RAs'!J6 | M9: =AVERAGE(C9, D9) | N9: ='Calculo RAs'!K6 | O9: =IF(N9>=9, "SOBRESALIENTE", IF(N9>=7, "NOTABLE", IF(N9>=6, "BIEN", IF(N9>=5, "SUFICIENTE", "INSUFICIENTE")))) | P9: =IF(N9>=5, "AUTORIZADO (DUAL)", "PENDIENTE RECUP.")
A10: 2 | B10: Benítez Romero, Carlos | C10: ='Registro Notas'!S7 | D10: ='Registro Notas'!T7 | E10: ='Calculo RAs'!C7 | F10: ='Calculo RAs'!D7 | G10: ='Calculo RAs'!E7 | H10: ='Calculo RAs'!F7 | I10: ='Calculo RAs'!G7 | J10: ='Calculo RAs'!H7 | K10: ='Calculo RAs'!I7 | L10: ='Calculo RAs'!J7 | M10: =AVERAGE(C10, D10) | N10: ='Calculo RAs'!K7 | O10: =IF(N10>=9, "SOBRESALIENTE", IF(N10>=7, "NOTABLE", IF(N10>=6, "BIEN", IF(N10>=5, "SUFICIENTE", "INSUFICIENTE")))) | P10: =IF(N10>=5, "AUTORIZADO (DUAL)", "PENDIENTE RECUP.")
A11: 3 | B11: Castillo Morales, Elena | C11: ='Registro Notas'!S8 | D11: ='Registro Notas'!T8 | E11: ='Calculo RAs'!C8 | F11: ='Calculo RAs'!D8 | G11: ='Calculo RAs'!E8 | H11: ='Calculo RAs'!F8 | I11: ='Calculo RAs'!G8 | J11: ='Calculo RAs'!H8 | K11: ='Calculo RAs'!I8 | L11: ='Calculo RAs'!J8 | M11: =AVERAGE(C11, D11) | N11: ='Calculo RAs'!K8 | O11: =IF(N11>=9, "SOBRESALIENTE", IF(N11>=7, "NOTABLE", IF(N11>=6, "BIEN", IF(N11>=5, "SUFICIENTE", "INSUFICIENTE")))) | P11: =IF(N11>=5, "AUTORIZADO (DUAL)", "PENDIENTE RECUP.")
A12: 4 | B12: Delgado Santos, Alejandro | C12: ='Registro Notas'!S9 | D12: ='Registro Notas'!T9 | E12: ='Calculo RAs'!C9 | F12: ='Calculo RAs'!D9 | G12: ='Calculo RAs'!E9 | H12: ='Calculo RAs'!F9 | I12: ='Calculo RAs'!G9 | J12: ='Calculo RAs'!H9 | K12: ='Calculo RAs'!I9 | L12: ='Calculo RAs'!J9 | M12: =AVERAGE(C12, D12) | N12: ='Calculo RAs'!K9 | O12: =IF(N12>=9, "SOBRESALIENTE", IF(N12>=7, "NOTABLE", IF(N12>=6, "BIEN", IF(N12>=5, "SUFICIENTE", "INSUFICIENTE")))) | P12: =IF(N12>=5, "AUTORIZADO (DUAL)", "PENDIENTE RECUP.")
A13: 5 | B13: Fernández Navarro, Lucía | C13: ='Registro Notas'!S10 | D13: ='Registro Notas'!T10 | E13: ='Calculo RAs'!C10 | F13: ='Calculo RAs'!D10 | G13: ='Calculo RAs'!E10 | H13: ='Calculo RAs'!F10 | I13: ='Calculo RAs'!G10 | J13: ='Calculo RAs'!H10 | K13: ='Calculo RAs'!I10 | L13: ='Calculo RAs'!J10 | M13: =AVERAGE(C13, D13) | N13: ='Calculo RAs'!K10 | O13: =IF(N13>=9, "SOBRESALIENTE", IF(N13>=7, "NOTABLE", IF(N13>=6, "BIEN", IF(N13>=5, "SUFICIENTE", "INSUFICIENTE")))) | P13: =IF(N13>=5, "AUTORIZADO (DUAL)", "PENDIENTE RECUP.")
A14: 6 | B14: García Serrano, David | C14: ='Registro Notas'!S11 | D14: ='Registro Notas'!T11 | E14: ='Calculo RAs'!C11 | F14: ='Calculo RAs'!D11 | G14: ='Calculo RAs'!E11 | H14: ='Calculo RAs'!F11 | I14: ='Calculo RAs'!G11 | J14: ='Calculo RAs'!H11 | K14: ='Calculo RAs'!I11 | L14: ='Calculo RAs'!J11 | M14: =AVERAGE(C14, D14) | N14: ='Calculo RAs'!K11 | O14: =IF(N14>=9, "SOBRESALIENTE", IF(N14>=7, "NOTABLE", IF(N14>=6, "BIEN", IF(N14>=5, "SUFICIENTE", "INSUFICIENTE")))) | P14: =IF(N14>=5, "AUTORIZADO (DUAL)", "PENDIENTE RECUP.")
A15: 7 | B15: Herrera Cruz, Marta | C15: ='Registro Notas'!S12 | D15: ='Registro Notas'!T12 | E15: ='Calculo RAs'!C12 | F15: ='Calculo RAs'!D12 | G15: ='Calculo RAs'!E12 | H15: ='Calculo RAs'!F12 | I15: ='Calculo RAs'!G12 | J15: ='Calculo RAs'!H12 | K15: ='Calculo RAs'!I12 | L15: ='Calculo RAs'!J12 | M15: =AVERAGE(C15, D15) | N15: ='Calculo RAs'!K12 | O15: =IF(N15>=9, "SOBRESALIENTE", IF(N15>=7, "NOTABLE", IF(N15>=6, "BIEN", IF(N15>=5, "SUFICIENTE", "INSUFICIENTE")))) | P15: =IF(N15>=5, "AUTORIZADO (DUAL)", "PENDIENTE RECUP.")
A16: 8 | B16: Jiménez Ortiz, Pablo | C16: ='Registro Notas'!S13 | D16: ='Registro Notas'!T13 | E16: ='Calculo RAs'!C13 | F16: ='Calculo RAs'!D13 | G16: ='Calculo RAs'!E13 | H16: ='Calculo RAs'!F13 | I16: ='Calculo RAs'!G13 | J16: ='Calculo RAs'!H13 | K16: ='Calculo RAs'!I13 | L16: ='Calculo RAs'!J13 | M16: =AVERAGE(C16, D16) | N16: ='Calculo RAs'!K13 | O16: =IF(N16>=9, "SOBRESALIENTE", IF(N16>=7, "NOTABLE", IF(N16>=6, "BIEN", IF(N16>=5, "SUFICIENTE", "INSUFICIENTE")))) | P16: =IF(N16>=5, "AUTORIZADO (DUAL)", "PENDIENTE RECUP.")
A17: 9 | B17: López Molina, Sara | C17: ='Registro Notas'!S14 | D17: ='Registro Notas'!T14 | E17: ='Calculo RAs'!C14 | F17: ='Calculo RAs'!D14 | G17: ='Calculo RAs'!E14 | H17: ='Calculo RAs'!F14 | I17: ='Calculo RAs'!G14 | J17: ='Calculo RAs'!H14 | K17: ='Calculo RAs'!I14 | L17: ='Calculo RAs'!J14 | M17: =AVERAGE(C17, D17) | N17: ='Calculo RAs'!K14 | O17: =IF(N17>=9, "SOBRESALIENTE", IF(N17>=7, "NOTABLE", IF(N17>=6, "BIEN", IF(N17>=5, "SUFICIENTE", "INSUFICIENTE")))) | P17: =IF(N17>=5, "AUTORIZADO (DUAL)", "PENDIENTE RECUP.")
A18: 10 | B18: Martín Vega, Javier | C18: ='Registro Notas'!S15 | D18: ='Registro Notas'!T15 | E18: ='Calculo RAs'!C15 | F18: ='Calculo RAs'!D15 | G18: ='Calculo RAs'!E15 | H18: ='Calculo RAs'!F15 | I18: ='Calculo RAs'!G15 | J18: ='Calculo RAs'!H15 | K18: ='Calculo RAs'!I15 | L18: ='Calculo RAs'!J15 | M18: =AVERAGE(C18, D18) | N18: ='Calculo RAs'!K15 | O18: =IF(N18>=9, "SOBRESALIENTE", IF(N18>=7, "NOTABLE", IF(N18>=6, "BIEN", IF(N18>=5, "SUFICIENTE", "INSUFICIENTE")))) | P18: =IF(N18>=5, "AUTORIZADO (DUAL)", "PENDIENTE RECUP.")
A19: 11 | B19: Navarro Gil, Ana | C19: ='Registro Notas'!S16 | D19: ='Registro Notas'!T16 | E19: ='Calculo RAs'!C16 | F19: ='Calculo RAs'!D16 | G19: ='Calculo RAs'!E16 | H19: ='Calculo RAs'!F16 | I19: ='Calculo RAs'!G16 | J19: ='Calculo RAs'!H16 | K19: ='Calculo RAs'!I16 | L19: ='Calculo RAs'!J16 | M19: =AVERAGE(C19, D19) | N19: ='Calculo RAs'!K16 | O19: =IF(N19>=9, "SOBRESALIENTE", IF(N19>=7, "NOTABLE", IF(N19>=6, "BIEN", IF(N19>=5, "SUFICIENTE", "INSUFICIENTE")))) | P19: =IF(N19>=5, "AUTORIZADO (DUAL)", "PENDIENTE RECUP.")
A20: 12 | B20: Pérez Rubio, Álvaro | C20: ='Registro Notas'!S17 | D20: ='Registro Notas'!T17 | E20: ='Calculo RAs'!C17 | F20: ='Calculo RAs'!D17 | G20: ='Calculo RAs'!E17 | H20: ='Calculo RAs'!F17 | I20: ='Calculo RAs'!G17 | J20: ='Calculo RAs'!H17 | K20: ='Calculo RAs'!I17 | L20: ='Calculo RAs'!J17 | M20: =AVERAGE(C20, D20) | N20: ='Calculo RAs'!K17 | O20: =IF(N20>=9, "SOBRESALIENTE", IF(N20>=7, "NOTABLE", IF(N20>=6, "BIEN", IF(N20>=5, "SUFICIENTE", "INSUFICIENTE")))) | P20: =IF(N20>=5, "AUTORIZADO (DUAL)", "PENDIENTE RECUP.")
... A23: 15 | B23: Torres Lozano, Irene | C23: ='Registro Notas'!S20 | D23: ='Registro Notas'!T20 | E23: ='Calculo RAs'!C20 | F23: ='Calculo RAs'!D20 | G23: ='Calculo RAs'!E20 | H23: ='Calculo RAs'!F20 | I23: ='Calculo RAs'!G20 | J23: ='Calculo RAs'!H20 | K23: ='Calculo RAs'!I20 | L23: ='Calculo RAs'!J20 | M23: =AVERAGE(C23, D23) | N23: ='Calculo RAs'!K20 | O23: =IF(N23>=9, "SOBRESALIENTE", IF(N23>=7, "NOTABLE", IF(N23>=6, "BIEN", IF(N23>=5, "SUFICIENTE", "INSUFICIENTE")))) | P23: =IF(N23>=5, "AUTORIZADO (DUAL)", "PENDIENTE RECUP.")
A24: PROMEDIO DEL GRUPO | C24: =AVERAGE(C9:C23) | D24: =AVERAGE(D9:D23) | E24: =AVERAGE(E9:E23) | F24: =AVERAGE(F9:F23) | G24: =AVERAGE(G9:G23) | H24: =AVERAGE(H9:H23) | I24: =AVERAGE(I9:I23) | J24: =AVERAGE(J9:J23) | ... N24: =AVERAGE(N9:N23)

Sheet Seguimiento Dual y Extraord
A1: FASE DE FORMACIÓN DUAL EN EMPRESA (T3 - 86 h) Y CONVOCATORIA EXTRAORDINARIA
A2: Orden de 26 de septiembre de 2025 (Dual Andalucía) | Periodo en Empresa: Marzo a Junio 2026
A4: Nº | B4: Apellidos, Nombre | C4: Nota Ordinaria (Marzo) | D4: Empresa Asignada | E4: Tutor/a Laboral | F4: Horas Dual (Módulo 86 h) | G4: Valoración Empresa (Apto / No Apto) | H4: RAs Pendientes (Extraordinaria) | I4: Nota Convocatoria Extraordinaria (Junio) | J4: Calificación Definitiva Curso Académico
A5: 1 | B5: Álvarez Gómez, Laura | C5: ='Panel de Control'!N9 | D5: SoftAndalucía Dev Group | E5: Dra. Beatriz Cano | F5: 86 | G5: =IF(C5>=5, "APTO", "PENDIENTE") | H5: =IF(C5<5, "RA1, RA3", "Ninguno") | J5: =IF(ISBLANK(I5), C5, MAX(C5, I5))
A6: 2 | B6: Benítez Romero, Carlos | C6: ='Panel de Control'!N10 | D6: Innovatech Solutions S.L. | E6: Ing. Manuel Rivas | F6: 86 | G6: =IF(C6>=5, "APTO", "PENDIENTE") | H6: =IF(C6<5, "RA1, RA3", "Ninguno") | J6: =IF(ISBLANK(I6), C6, MAX(C6, I6))
A7: 3 | B7: Castillo Morales, Elena | C7: ='Panel de Control'!N11 | D7: SoftAndalucía Dev Group | E7: Dra. Beatriz Cano | F7: 86 | G7: =IF(C7>=5, "APTO", "PENDIENTE") | H7: =IF(C7<5, "RA1, RA3", "Ninguno") | J7: =IF(ISBLANK(I7), C7, MAX(C7, I7))
A8: 4 | B8: Delgado Santos, Alejandro | C8: ='Panel de Control'!N12 | D8: Innovatech Solutions S.L. | E8: Ing. Manuel Rivas | F8: 86 | G8: =IF(C8>=5, "APTO", "PENDIENTE") | H8: =IF(C8<5, "RA1, RA3", "Ninguno") | J8: =IF(ISBLANK(I8), C8, MAX(C8, I8))
A9: 5 | B9: Fernández Navarro, Lucía | C9: ='Panel de Control'!N13 | D9: SoftAndalucía Dev Group | E9: Dra. Beatriz Cano | F9: 86 | G9: =IF(C9>=5, "APTO", "PENDIENTE") | H9: =IF(C9<5, "RA1, RA3", "Ninguno") | J9: =IF(ISBLANK(I9), C9, MAX(C9, I9))
A10: 6 | B10: García Serrano, David | C10: ='Panel de Control'!N14 | D10: Innovatech Solutions S.L. | E10: Ing. Manuel Rivas | F10: 86 | G10: =IF(C10>=5, "APTO", "PENDIENTE") | H10: =IF(C10<5, "RA1, RA3", "Ninguno") | J10: =IF(ISBLANK(I10), C10, MAX(C10, I10))
A11: 7 | B11: Herrera Cruz, Marta | C11: ='Panel de Control'!N15 | D11: SoftAndalucía Dev Group | E11: Dra. Beatriz Cano | F11: 86 | G11: =IF(C11>=5, "APTO", "PENDIENTE") | H11: =IF(C11<5, "RA1, RA3", "Ninguno") | J11: =IF(ISBLANK(I11), C11, MAX(C11, I11))
A12: 8 | B12: Jiménez Ortiz, Pablo | C12: ='Panel de Control'!N16 | D12: Innovatech Solutions S.L. | E12: Ing. Manuel Rivas | F12: 86 | G12: =IF(C12>=5, "APTO", "PENDIENTE") | H12: =IF(C12<5, "RA1, RA3", "Ninguno") | J12: =IF(ISBLANK(I12), C12, MAX(C12, I12))
A13: 9 | B13: López Molina, Sara | C13: ='Panel de Control'!N17 | D13: SoftAndalucía Dev Group | E13: Dra. Beatriz Cano | F13: 86 | G13: =IF(C13>=5, "APTO", "PENDIENTE") | H13: =IF(C13<5, "RA1, RA3", "Ninguno") | J13: =IF(ISBLANK(I13), C13, MAX(C13, I13))
A14: 10 | B14: Martín Vega, Javier | C14: ='Panel de Control'!N18 | D14: Innovatech Solutions S.L. | E14: Ing. Manuel Rivas | F14: 86 | G14: =IF(C14>=5, "APTO", "PENDIENTE") | H14: =IF(C14<5, "RA1, RA3", "Ninguno") | J14: =IF(ISBLANK(I14), C14, MAX(C14, I14))
A15: 11 | B15: Navarro Gil, Ana | C15: ='Panel de Control'!N19 | D15: SoftAndalucía Dev Group | E15: Dra. Beatriz Cano | F15: 86 | G15: =IF(C15>=5, "APTO", "PENDIENTE") | H15: =IF(C15<5, "RA1, RA3", "Ninguno") | J15: =IF(ISBLANK(I15), C15, MAX(C15, I15))
A16: 12 | B16: Pérez Rubio, Álvaro | C16: ='Panel de Control'!N20 | D16: Innovatech Solutions S.L. | E16: Ing. Manuel Rivas | F16: 86 | G16: =IF(C16>=5, "APTO", "PENDIENTE") | H16: =IF(C16<5, "RA1, RA3", "Ninguno") | J16: =IF(ISBLANK(I16), C16, MAX(C16, I16))
